calc_id,geom_id,mol_id,molecule_id,label,code,root,basis,method,omegaA,omegaB,omegaC,ijk,value
calc_45b53ce42cea5d37,geom_aa9a7f709a36d938,C18H20N2O2,geom_aa9a7f709a36d938,n9,madness,/home/ahurtado/Projects/gecko/tests/fixtures/calc_nlo_beta/NLO/madness/n9,,,-0.0,0.0,0.0,xxx,20367.511064938484
calc_45b53ce42cea5d37,geom_aa9a7f709a36d938,C18H20N2O2,geom_aa9a7f709a36d938,n9,madness,/home/ahurtado/Projects/gecko/tests/fixtures/calc_nlo_beta/NLO/madness/n9,,,-0.0,0.0,0.0,xxy,20978.97303854308
calc_45b53ce42cea5d37,geom_aa9a7f709a36d938,C18H20N2O2,geom_aa9a7f709a36d938,n9,madness,/home/ahurtado/Projects/gecko/tests/fixtures/calc_nlo_beta/NLO/madness/n9,,,-0.0,0.0,0.0,xxz,-0.000933245463247153
calc_45b53ce42cea5d37,geom_aa9a7f709a36d938,C18H20N2O2,geom_aa9a7f709a36d938,n9,madness,/home/ahurtado/Projects/gecko/tests/fixtures/calc_nlo_beta/NLO/madness/n9,,,-0.0,0.0,0.0,xyx,20978.973038540902
calc_45b53ce42cea5d37,geom_aa9a7f709a36d938,C18H20N2O2,geom_aa9a7f709a36d938,n9,madness,/home/ahurtado/Projects/gecko/tests/fixtures/calc_nlo_beta/NLO/madness/n9,,,-0.0,0.0,0.0,xyy,20305.12034704207
calc_45b53ce42cea5d37,geom_aa9a7f709a36d938,C18H20N2O2,geom_aa9a7f709a36d938,n9,madness,/home/ahurtado/Projects/gecko/tests/fixtures/calc_nlo_beta/NLO/madness/n9,,,-0.0,0.0,0.0,xyz,-0.000831489569909509
calc_45b53ce42cea5d37,geom_aa9a7f709a36d938,C18H20N2O2,geom_aa9a7f709a36d938,n9,madness,/home/ahurtado/Projects/gecko/tests/fixtures/calc_nlo_beta/NLO/madness/n9,,,-0.0,0.0,0.0,xzx,-0.000933245460755107
calc_45b53ce42cea5d37,geom_aa9a7f709a36d938,C18H20N2O2,geom_aa9a7f709a36d938,n9,madness,/home/ahurtado/Projects/gecko/tests/fixtures/calc_nlo_beta/NLO/madness/n9,,,-0.0,0.0,0.0,xzy,-0.0008314895737273594
calc_45b53ce42cea5d37,geom_aa9a7f709a36d938,C18H20N2O2,geom_aa9a7f709a36d938,n9,madness,/home/ahurtado/Projects/gecko/tests/fixtures/calc_nlo_beta/NLO/madness/n9,,,-0.0,0.0,0.0,xzz,-29.353374192697945
calc_45b53ce42cea5d37,geom_aa9a7f709a36d938,C18H20N2O2,geom_aa9a7f709a36d938,n9,madness,/home/ahurtado/Projects/gecko/tests/fixtures/calc_nlo_beta/NLO/madness/n9,,,-0.0,0.0,0.0,yxx,20978.976028043355
calc_45b53ce42cea5d37,geom_aa9a7f709a36d938,C18H20N2O2,geom_aa9a7f709a36d938,n9,madness,/home/ahurtado/Projects/gecko/tests/fixtures/calc_nlo_beta/NLO/madness/n9,,,-0.0,0.0,0.0,yxy,20305.122324229673
calc_45b53ce42cea5d37,geom_aa9a7f709a36d938,C18H20N2O2,geom_aa9a7f709a36d938,n9,madness,/home/ahurtado/Projects/gecko/tests/fixtures/calc_nlo_beta/NLO/madness/n9,,,-0.0,0.0,0.0,yxz,-0.0008313363742641015
calc_45b53ce42cea5d37,geom_aa9a7f709a36d938,C18H20N2O2,geom_aa9a7f709a36d938,n9,madness,/home/ahurtado/Projects/gecko/tests/fixtures/calc_nlo_beta/NLO/madness/n9,,,-0.0,0.0,0.0,yyx,20305.122324227992
calc_45b53ce42cea5d37,geom_aa9a7f709a36d938,C18H20N2O2,geom_aa9a7f709a36d938,n9,madness,/home/ahurtado/Projects/gecko/tests/fixtures/calc_nlo_beta/NLO/madness/n9,,,-0.0,0.0,0.0,yyy,18820.4838264168
calc_45b53ce42cea5d37,geom_aa9a7f709a36d938,C18H20N2O2,geom_aa9a7f709a36d938,n9,madness,/home/ahurtado/Projects/gecko/tests/fixtures/calc_nlo_beta/NLO/madness/n9,,,-0.0,0.0,0.0,yyz,-0.0005748829773016544
calc_45b53ce42cea5d37,geom_aa9a7f709a36d938,C18H20N2O2,geom_aa9a7f709a36d938,n9,madness,/home/ahurtado/Projects/gecko/tests/fixtures/calc_nlo_beta/NLO/madness/n9,,,-0.0,0.0,0.0,yzx,-0.0008313363725784228
calc_45b53ce42cea5d37,geom_aa9a7f709a36d938,C18H20N2O2,geom_aa9a7f709a36d938,n9,madness,/home/ahurtado/Projects/gecko/tests/fixtures/calc_nlo_beta/NLO/madness/n9,,,-0.0,0.0,0.0,yzy,-0.0005748829803440258
calc_45b53ce42cea5d37,geom_aa9a7f709a36d938,C18H20N2O2,geom_aa9a7f709a36d938,n9,madness,/home/ahurtado/Projects/gecko/tests/fixtures/calc_nlo_beta/NLO/madness/n9,,,-0.0,0.0,0.0,yzz,-27.568691201863373
calc_45b53ce42cea5d37,geom_aa9a7f709a36d938,C18H20N2O2,geom_aa9a7f709a36d938,n9,madness,/home/ahurtado/Projects/gecko/tests/fixtures/calc_nlo_beta/NLO/madness/n9,,,-0.0,0.0,0.0,zxx,-0.0009328214031485213
calc_45b53ce42cea5d37,geom_aa9a7f709a36d938,C18H20N2O2,geom_aa9a7f709a36d938,n9,madness,/home/ahurtado/Projects/gecko/tests/fixtures/calc_nlo_beta/NLO/madness/n9,,,-0.0,0.0,0.0,zxy,-0.0008311068388261439
calc_45b53ce42cea5d37,geom_aa9a7f709a36d938,C18H20N2O2,geom_aa9a7f709a36d938,n9,madness,/home/ahurtado/Projects/gecko/tests/fixtures/calc_nlo_beta/NLO/madness/n9,,,-0.0,0.0,0.0,zxz,-29.35312161251631
calc_45b53ce42cea5d37,geom_aa9a7f709a36d938,C18H20N2O2,geom_aa9a7f709a36d938,n9,madness,/home/ahurtado/Projects/gecko/tests/fixtures/calc_nlo_beta/NLO/madness/n9,,,-0.0,0.0,0.0,zyx,-0.0008311068334711422
calc_45b53ce42cea5d37,geom_aa9a7f709a36d938,C18H20N2O2,geom_aa9a7f709a36d938,n9,madness,/home/ahurtado/Projects/gecko/tests/fixtures/calc_nlo_beta/NLO/madness/n9,,,-0.0,0.0,0.0,zyy,-0.0005748403927310444
calc_45b53ce42cea5d37,geom_aa9a7f709a36d938,C18H20N2O2,geom_aa9a7f709a36d938,n9,madness,/home/ahurtado/Projects/gecko/tests/fixtures/calc_nlo_beta/NLO/madness/n9,,,-0.0,0.0,0.0,zyz,-27.568436712917325
calc_45b53ce42cea5d37,geom_aa9a7f709a36d938,C18H20N2O2,geom_aa9a7f709a36d938,n9,madness,/home/ahurtado/Projects/gecko/tests/fixtures/calc_nlo_beta/NLO/madness/n9,,,-0.0,0.0,0.0,zzx,-29.353121612558233
calc_45b53ce42cea5d37,geom_aa9a7f709a36d938,C18H20N2O2,geom_aa9a7f709a36d938,n9,madness,/home/ahurtado/Projects/gecko/tests/fixtures/calc_nlo_beta/NLO/madness/n9,,,-0.0,0.0,0.0,zzy,-27.568436712940258
calc_45b53ce42cea5d37,geom_aa9a7f709a36d938,C18H20N2O2,geom_aa9a7f709a36d938,n9,madness,/home/ahurtado/Projects/gecko/tests/fixtures/calc_nlo_beta/NLO/madness/n9,,,-0.0,0.0,0.0,zzz,-3.796307378745517e-05
calc_49cda8ee4199a6ed,geom_f76df9740e850e15,C22H24N2O2,geom_f76df9740e850e15,n11,madness,/home/ahurtado/Projects/gecko/tests/fixtures/calc_nlo_beta/NLO/madness/n11,,,-0.0,0.0,0.0,xxx,28705.038494450844
calc_49cda8ee4199a6ed,geom_f76df9740e850e15,C22H24N2O2,geom_f76df9740e850e15,n11,madness,/home/ahurtado/Projects/gecko/tests/fixtures/calc_nlo_beta/NLO/madness/n11,,,-0.0,0.0,0.0,xxy,30273.983774280445
calc_49cda8ee4199a6ed,geom_f76df9740e850e15,C22H24N2O2,geom_f76df9740e850e15,n11,madness,/home/ahurtado/Projects/gecko/tests/fixtures/calc_nlo_beta/NLO/madness/n11,,,-0.0,0.0,0.0,xxz,0.003558377215838636
calc_49cda8ee4199a6ed,geom_f76df9740e850e15,C22H24N2O2,geom_f76df9740e850e15,n11,madness,/home/ahurtado/Projects/gecko/tests/fixtures/calc_nlo_beta/NLO/madness/n11,,,-0.0,0.0,0.0,xyx,30273.983774278095
calc_49cda8ee4199a6ed,geom_f76df9740e850e15,C22H24N2O2,geom_f76df9740e850e15,n11,madness,/home/ahurtado/Projects/gecko/tests/fixtures/calc_nlo_beta/NLO/madness/n11,,,-0.0,0.0,0.0,xyy,30458.090097996792
calc_49cda8ee4199a6ed,geom_f76df9740e850e15,C22H24N2O2,geom_f76df9740e850e15,n11,madness,/home/ahurtado/Projects/gecko/tests/fixtures/calc_nlo_beta/NLO/madness/n11,,,-0.0,0.0,0.0,xyz,0.002179660404197677
calc_49cda8ee4199a6ed,geom_f76df9740e850e15,C22H24N2O2,geom_f76df9740e850e15,n11,madness,/home/ahurtado/Projects/gecko/tests/fixtures/calc_nlo_beta/NLO/madness/n11,,,-0.0,0.0,0.0,xzx,0.0035583771991379116
calc_49cda8ee4199a6ed,geom_f76df9740e850e15,C22H24N2O2,geom_f76df9740e850e15,n11,madness,/home/ahurtado/Projects/gecko/tests/fixtures/calc_nlo_beta/NLO/madness/n11,,,-0.0,0.0,0.0,xzy,0.002179660390895017
calc_49cda8ee4199a6ed,geom_f76df9740e850e15,C22H24N2O2,geom_f76df9740e850e15,n11,madness,/home/ahurtado/Projects/gecko/tests/fixtures/calc_nlo_beta/NLO/madness/n11,,,-0.0,0.0,0.0,xzz,-26.00548652088401
calc_49cda8ee4199a6ed,geom_f76df9740e850e15,C22H24N2O2,geom_f76df9740e850e15,n11,madness,/home/ahurtado/Projects/gecko/tests/fixtures/calc_nlo_beta/NLO/madness/n11,,,-0.0,0.0,0.0,yxx,30274.0432391511
calc_49cda8ee4199a6ed,geom_f76df9740e850e15,C22H24N2O2,geom_f76df9740e850e15,n11,madness,/home/ahurtado/Projects/gecko/tests/fixtures/calc_nlo_beta/NLO/madness/n11,,,-0.0,0.0,0.0,yxy,30458.142737012335
calc_49cda8ee4199a6ed,geom_f76df9740e850e15,C22H24N2O2,geom_f76df9740e850e15,n11,madness,/home/ahurtado/Projects/gecko/tests/fixtures/calc_nlo_beta/NLO/madness/n11,,,-0.0,0.0,0.0,yxz,0.0021882061138862458
calc_49cda8ee4199a6ed,geom_f76df9740e850e15,C22H24N2O2,geom_f76df9740e850e15,n11,madness,/home/ahurtado/Projects/gecko/tests/fixtures/calc_nlo_beta/NLO/madness/n11,,,-0.0,0.0,0.0,yyx,30458.14273701077
calc_49cda8ee4199a6ed,geom_f76df9740e850e15,C22H24N2O2,geom_f76df9740e850e15,n11,madness,/home/ahurtado/Projects/gecko/tests/fixtures/calc_nlo_beta/NLO/madness/n11,,,-0.0,0.0,0.0,yyy,29620.673673962454
calc_49cda8ee4199a6ed,geom_f76df9740e850e15,C22H24N2O2,geom_f76df9740e850e15,n11,madness,/home/ahurtado/Projects/gecko/tests/fixtures/calc_nlo_beta/NLO/madness/n11,,,-0.0,0.0,0.0,yyz,0.0012505149368327514
calc_49cda8ee4199a6ed,geom_f76df9740e850e15,C22H24N2O2,geom_f76df9740e850e15,n11,madness,/home/ahurtado/Projects/gecko/tests/fixtures/calc_nlo_beta/NLO/madness/n11,,,-0.0,0.0,0.0,yzx,0.002188206105688005
calc_49cda8ee4199a6ed,geom_f76df9740e850e15,C22H24N2O2,geom_f76df9740e850e15,n11,madness,/home/ahurtado/Projects/gecko/tests/fixtures/calc_nlo_beta/NLO/madness/n11,,,-0.0,0.0,0.0,yzy,0.0012505149257025594
calc_49cda8ee4199a6ed,geom_f76df9740e850e15,C22H24N2O2,geom_f76df9740e850e15,n11,madness,/home/ahurtado/Projects/gecko/tests/fixtures/calc_nlo_beta/NLO/madness/n11,,,-0.0,0.0,0.0,yzz,-25.75898044417795
calc_49cda8ee4199a6ed,geom_f76df9740e850e15,C22H24N2O2,geom_f76df9740e850e15,n11,madness,/home/ahurtado/Projects/gecko/tests/fixtures/calc_nlo_beta/NLO/madness/n11,,,-0.0,0.0,0.0,zxx,0.0035811291242539294
calc_49cda8ee4199a6ed,geom_f76df9740e850e15,C22H24N2O2,geom_f76df9740e850e15,n11,madness,/home/ahurtado/Projects/gecko/tests/fixtures/calc_nlo_beta/NLO/madness/n11,,,-0.0,0.0,0.0,zxy,0.0022015448591614934
calc_49cda8ee4199a6ed,geom_f76df9740e850e15,C22H24N2O2,geom_f76df9740e850e15,n11,madness,/home/ahurtado/Projects/gecko/tests/fixtures/calc_nlo_beta/NLO/madness/n11,,,-0.0,0.0,0.0,zxz,-26.003985892860065
calc_49cda8ee4199a6ed,geom_f76df9740e850e15,C22H24N2O2,geom_f76df9740e850e15,n11,madness,/home/ahurtado/Projects/gecko/tests/fixtures/calc_nlo_beta/NLO/madness/n11,,,-0.0,0.0,0.0,zyx,0.0022015448596060657
calc_49cda8ee4199a6ed,geom_f76df9740e850e15,C22H24N2O2,geom_f76df9740e850e15,n11,madness,/home/ahurtado/Projects/gecko/tests/fixtures/calc_nlo_beta/NLO/madness/n11,,,-0.0,0.0,0.0,zyy,0.0012660265850734142
calc_49cda8ee4199a6ed,geom_f76df9740e850e15,C22H24N2O2,geom_f76df9740e850e15,n11,madness,/home/ahurtado/Projects/gecko/tests/fixtures/calc_nlo_beta/NLO/madness/n11,,,-0.0,0.0,0.0,zyz,-25.758403483024217
calc_49cda8ee4199a6ed,geom_f76df9740e850e15,C22H24N2O2,geom_f76df9740e850e15,n11,madness,/home/ahurtado/Projects/gecko/tests/fixtures/calc_nlo_beta/NLO/madness/n11,,,-0.0,0.0,0.0,zzx,-26.003985892837576
calc_49cda8ee4199a6ed,geom_f76df9740e850e15,C22H24N2O2,geom_f76df9740e850e15,n11,madness,/home/ahurtado/Projects/gecko/tests/fixtures/calc_nlo_beta/NLO/madness/n11,,,-0.0,0.0,0.0,zzy,-25.758403483050834
calc_49cda8ee4199a6ed,geom_f76df9740e850e15,C22H24N2O2,geom_f76df9740e850e15,n11,madness,/home/ahurtado/Projects/gecko/tests/fixtures/calc_nlo_beta/NLO/madness/n11,,,-0.0,0.0,0.0,zzz,7.225594971302767e-05
calc_49e8651fe0e15240,geom_b24261d06b7175b7,C32H34N2O2,geom_b24261d06b7175b7,n16,madness,/home/ahurtado/Projects/gecko/tests/fixtures/calc_nlo_beta/NLO/madness/n16,,,-0.0,0.0,0.0,xxx,87.75138616981405
calc_49e8651fe0e15240,geom_b24261d06b7175b7,C32H34N2O2,geom_b24261d06b7175b7,n16,madness,/home/ahurtado/Projects/gecko/tests/fixtures/calc_nlo_beta/NLO/madness/n16,,,-0.0,0.0,0.0,xxy,-946.6498376595537
calc_49e8651fe0e15240,geom_b24261d06b7175b7,C32H34N2O2,geom_b24261d06b7175b7,n16,madness,/home/ahurtado/Projects/gecko/tests/fixtures/calc_nlo_beta/NLO/madness/n16,,,-0.0,0.0,0.0,xxz,0.00014902427467600274
calc_49e8651fe0e15240,geom_b24261d06b7175b7,C32H34N2O2,geom_b24261d06b7175b7,n16,madness,/home/ahurtado/Projects/gecko/tests/fixtures/calc_nlo_beta/NLO/madness/n16,,,-0.0,0.0,0.0,xyx,-946.6498376593827
calc_49e8651fe0e15240,geom_b24261d06b7175b7,C32H34N2O2,geom_b24261d06b7175b7,n16,madness,/home/ahurtado/Projects/gecko/tests/fixtures/calc_nlo_beta/NLO/madness/n16,,,-0.0,0.0,0.0,xyy,2380.000850490411
calc_49e8651fe0e15240,geom_b24261d06b7175b7,C32H34N2O2,geom_b24261d06b7175b7,n16,madness,/home/ahurtado/Projects/gecko/tests/fixtures/calc_nlo_beta/NLO/madness/n16,,,-0.0,0.0,0.0,xyz,-0.001242797915206022
calc_49e8651fe0e15240,geom_b24261d06b7175b7,C32H34N2O2,geom_b24261d06b7175b7,n16,madness,/home/ahurtado/Projects/gecko/tests/fixtures/calc_nlo_beta/NLO/madness/n16,,,-0.0,0.0,0.0,xzx,0.00014902427552582697
calc_49e8651fe0e15240,geom_b24261d06b7175b7,C32H34N2O2,geom_b24261d06b7175b7,n16,madness,/home/ahurtado/Projects/gecko/tests/fixtures/calc_nlo_beta/NLO/madness/n16,,,-0.0,0.0,0.0,xzy,-0.0012427979178962845
calc_49e8651fe0e15240,geom_b24261d06b7175b7,C32H34N2O2,geom_b24261d06b7175b7,n16,madness,/home/ahurtado/Projects/gecko/tests/fixtures/calc_nlo_beta/NLO/madness/n16,,,-0.0,0.0,0.0,xzz,-0.5879154077270288
calc_49e8651fe0e15240,geom_b24261d06b7175b7,C32H34N2O2,geom_b24261d06b7175b7,n16,madness,/home/ahurtado/Projects/gecko/tests/fixtures/calc_nlo_beta/NLO/madness/n16,,,-0.0,0.0,0.0,yxx,-946.6592337653042
calc_49e8651fe0e15240,geom_b24261d06b7175b7,C32H34N2O2,geom_b24261d06b7175b7,n16,madness,/home/ahurtado/Projects/gecko/tests/fixtures/calc_nlo_beta/NLO/madness/n16,,,-0.0,0.0,0.0,yxy,2380.147103142062
calc_49e8651fe0e15240,geom_b24261d06b7175b7,C32H34N2O2,geom_b24261d06b7175b7,n16,madness,/home/ahurtado/Projects/gecko/tests/fixtures/calc_nlo_beta/NLO/madness/n16,,,-0.0,0.0,0.0,yxz,-0.0012466108815412345
calc_49e8651fe0e15240,geom_b24261d06b7175b7,C32H34N2O2,geom_b24261d06b7175b7,n16,madness,/home/ahurtado/Projects/gecko/tests/fixtures/calc_nlo_beta/NLO/madness/n16,,,-0.0,0.0,0.0,yyx,2380.1471031412225
calc_49e8651fe0e15240,geom_b24261d06b7175b7,C32H34N2O2,geom_b24261d06b7175b7,n16,madness,/home/ahurtado/Projects/gecko/tests/fixtures/calc_nlo_beta/NLO/madness/n16,,,-0.0,0.0,0.0,yyy,144985.5614288186
calc_49e8651fe0e15240,geom_b24261d06b7175b7,C32H34N2O2,geom_b24261d06b7175b7,n16,madness,/home/ahurtado/Projects/gecko/tests/fixtures/calc_nlo_beta/NLO/madness/n16,,,-0.0,0.0,0.0,yyz,0.01745611495108329
calc_49e8651fe0e15240,geom_b24261d06b7175b7,C32H34N2O2,geom_b24261d06b7175b7,n16,madness,/home/ahurtado/Projects/gecko/tests/fixtures/calc_nlo_beta/NLO/madness/n16,,,-0.0,0.0,0.0,yzx,-0.001246610885639156
calc_49e8651fe0e15240,geom_b24261d06b7175b7,C32H34N2O2,geom_b24261d06b7175b7,n16,madness,/home/ahurtado/Projects/gecko/tests/fixtures/calc_nlo_beta/NLO/madness/n16,,,-0.0,0.0,0.0,yzy,0.01745611497324391
calc_49e8651fe0e15240,geom_b24261d06b7175b7,C32H34N2O2,geom_b24261d06b7175b7,n16,madness,/home/ahurtado/Projects/gecko/tests/fixtures/calc_nlo_beta/NLO/madness/n16,,,-0.0,0.0,0.0,yzz,-27.988649957358795
calc_49e8651fe0e15240,geom_b24261d06b7175b7,C32H34N2O2,geom_b24261d06b7175b7,n16,madness,/home/ahurtado/Projects/gecko/tests/fixtures/calc_nlo_beta/NLO/madness/n16,,,-0.0,0.0,0.0,zxx,0.00014284447546461334
calc_49e8651fe0e15240,geom_b24261d06b7175b7,C32H34N2O2,geom_b24261d06b7175b7,n16,madness,/home/ahurtado/Projects/gecko/tests/fixtures/calc_nlo_beta/NLO/madness/n16,,,-0.0,0.0,0.0,zxy,-0.0012447882620014983
calc_49e8651fe0e15240,geom_b24261d06b7175b7,C32H34N2O2,geom_b24261d06b7175b7,n16,madness,/home/ahurtado/Projects/gecko/tests/fixtures/calc_nlo_beta/NLO/madness/n16,,,-0.0,0.0,0.0,zxz,-0.5858097715892246
calc_49e8651fe0e15240,geom_b24261d06b7175b7,C32H34N2O2,geom_b24261d06b7175b7,n16,madness,/home/ahurtado/Projects/gecko/tests/fixtures/calc_nlo_beta/NLO/madness/n16,,,-0.0,0.0,0.0,zyx,-0.0012447882608521926
calc_49e8651fe0e15240,geom_b24261d06b7175b7,C32H34N2O2,geom_b24261d06b7175b7,n16,madness,/home/ahurtado/Projects/gecko/tests/fixtures/calc_nlo_beta/NLO/madness/n16,,,-0.0,0.0,0.0,zyy,0.017426298734005002
calc_49e8651fe0e15240,geom_b24261d06b7175b7,C32H34N2O2,geom_b24261d06b7175b7,n16,madness,/home/ahurtado/Projects/gecko/tests/fixtures/calc_nlo_beta/NLO/madness/n16,,,-0.0,0.0,0.0,zyz,-27.98842029818556
calc_49e8651fe0e15240,geom_b24261d06b7175b7,C32H34N2O2,geom_b24261d06b7175b7,n16,madness,/home/ahurtado/Projects/gecko/tests/fixtures/calc_nlo_beta/NLO/madness/n16,,,-0.0,0.0,0.0,zzx,-0.5858097715884439
calc_49e8651fe0e15240,geom_b24261d06b7175b7,C32H34N2O2,geom_b24261d06b7175b7,n16,madness,/home/ahurtado/Projects/gecko/tests/fixtures/calc_nlo_beta/NLO/madness/n16,,,-0.0,0.0,0.0,zzy,-27.9884202982455
calc_49e8651fe0e15240,geom_b24261d06b7175b7,C32H34N2O2,geom_b24261d06b7175b7,n16,madness,/home/ahurtado/Projects/gecko/tests/fixtures/calc_nlo_beta/NLO/madness/n16,,,-0.0,0.0,0.0,zzz,9.986768966755281e-05
calc_69ef89e12c8d1502,geom_07e16bc524ecb278,C12H14N2O2,geom_07e16bc524ecb278,n6,madness,/home/ahurtado/Projects/gecko/tests/fixtures/calc_nlo_beta/NLO/madness/n6,,,-0.0,0.0,0.0,xxx,-514.2596583351351
calc_69ef89e12c8d1502,geom_07e16bc524ecb278,C12H14N2O2,geom_07e16bc524ecb278,n6,madness,/home/ahurtado/Projects/gecko/tests/fixtures/calc_nlo_beta/NLO/madness/n6,,,-0.0,0.0,0.0,xxy,2118.802465779769
calc_69ef89e12c8d1502,geom_07e16bc524ecb278,C12H14N2O2,geom_07e16bc524ecb278,n6,madness,/home/ahurtado/Projects/gecko/tests/fixtures/calc_nlo_beta/NLO/madness/n6,,,-0.0,0.0,0.0,xxz,-0.00015922489775839594
calc_69ef89e12c8d1502,geom_07e16bc524ecb278,C12H14N2O2,geom_07e16bc524ecb278,n6,madness,/home/ahurtado/Projects/gecko/tests/fixtures/calc_nlo_beta/NLO/madness/n6,,,-0.0,0.0,0.0,xyx,2118.8024657799206
calc_69ef89e12c8d1502,geom_07e16bc524ecb278,C12H14N2O2,geom_07e16bc524ecb278,n6,madness,/home/ahurtado/Projects/gecko/tests/fixtures/calc_nlo_beta/NLO/madness/n6,,,-0.0,0.0,0.0,xyy,-7177.597917996823
calc_69ef89e12c8d1502,geom_07e16bc524ecb278,C12H14N2O2,geom_07e16bc524ecb278,n6,madness,/home/ahurtado/Projects/gecko/tests/fixtures/calc_nlo_beta/NLO/madness/n6,,,-0.0,0.0,0.0,xyz,9.172994123895695e-05
calc_69ef89e12c8d1502,geom_07e16bc524ecb278,C12H14N2O2,geom_07e16bc524ecb278,n6,madness,/home/ahurtado/Projects/gecko/tests/fixtures/calc_nlo_beta/NLO/madness/n6,,,-0.0,0.0,0.0,xzx,-0.00015922489667036046
calc_69ef89e12c8d1502,geom_07e16bc524ecb278,C12H14N2O2,geom_07e16bc524ecb278,n6,madness,/home/ahurtado/Projects/gecko/tests/fixtures/calc_nlo_beta/NLO/madness/n6,,,-0.0,0.0,0.0,xzy,9.172994170833924e-05
calc_69ef89e12c8d1502,geom_07e16bc524ecb278,C12H14N2O2,geom_07e16bc524ecb278,n6,madness,/home/ahurtado/Projects/gecko/tests/fixtures/calc_nlo_beta/NLO/madness/n6,,,-0.0,0.0,0.0,xzz,13.472219995901682
calc_69ef89e12c8d1502,geom_07e16bc524ecb278,C12H14N2O2,geom_07e16bc524ecb278,n6,madness,/home/ahurtado/Projects/gecko/tests/fixtures/calc_nlo_beta/NLO/madness/n6,,,-0.0,0.0,0.0,yxx,2118.802189358491
calc_69ef89e12c8d1502,geom_07e16bc524ecb278,C12H14N2O2,geom_07e16bc524ecb278,n6,madness,/home/ahurtado/Projects/gecko/tests/fixtures/calc_nlo_beta/NLO/madness/n6,,,-0.0,0.0,0.0,yxy,-7177.598058493973
calc_69ef89e12c8d1502,geom_07e16bc524ecb278,C12H14N2O2,geom_07e16bc524ecb278,n6,madness,/home/ahurtado/Projects/gecko/tests/fixtures/calc_nlo_beta/NLO/madness/n6,,,-0.0,0.0,0.0,yxz,9.181520207940139e-05
calc_69ef89e12c8d1502,geom_07e16bc524ecb278,C12H14N2O2,geom_07e16bc524ecb278,n6,madness,/home/ahurtado/Projects/gecko/tests/fixtures/calc_nlo_beta/NLO/madness/n6,,,-0.0,0.0,0.0,yyx,-7177.598058495211
calc_69ef89e12c8d1502,geom_07e16bc524ecb278,C12H14N2O2,geom_07e16bc524ecb278,n6,madness,/home/ahurtado/Projects/gecko/tests/fixtures/calc_nlo_beta/NLO/madness/n6,,,-0.0,0.0,0.0,yyy,18488.940793018763
calc_69ef89e12c8d1502,geom_07e16bc524ecb278,C12H14N2O2,geom_07e16bc524ecb278,n6,madness,/home/ahurtado/Projects/gecko/tests/fixtures/calc_nlo_beta/NLO/madness/n6,,,-0.0,0.0,0.0,yyz,-0.0002748871514788042
calc_69ef89e12c8d1502,geom_07e16bc524ecb278,C12H14N2O2,geom_07e16bc524ecb278,n6,madness,/home/ahurtado/Projects/gecko/tests/fixtures/calc_nlo_beta/NLO/madness/n6,,,-0.0,0.0,0.0,yzx,9.181520816613868e-05
calc_69ef89e12c8d1502,geom_07e16bc524ecb278,C12H14N2O2,geom_07e16bc524ecb278,n6,madness,/home/ahurtado/Projects/gecko/tests/fixtures/calc_nlo_beta/NLO/madness/n6,,,-0.0,0.0,0.0,yzy,-0.0002748871543586276
calc_69ef89e12c8d1502,geom_07e16bc524ecb278,C12H14N2O2,geom_07e16bc524ecb278,n6,madness,/home/ahurtado/Projects/gecko/tests/fixtures/calc_nlo_beta/NLO/madness/n6,,,-0.0,0.0,0.0,yzz,-41.66573303698484
calc_69ef89e12c8d1502,geom_07e16bc524ecb278,C12H14N2O2,geom_07e16bc524ecb278,n6,madness,/home/ahurtado/Projects/gecko/tests/fixtures/calc_nlo_beta/NLO/madness/n6,,,-0.0,0.0,0.0,zxx,-0.0001593157447632026
calc_69ef89e12c8d1502,geom_07e16bc524ecb278,C12H14N2O2,geom_07e16bc524ecb278,n6,madness,/home/ahurtado/Projects/gecko/tests/fixtures/calc_nlo_beta/NLO/madness/n6,,,-0.0,0.0,0.0,zxy,9.075904548629945e-05
calc_69ef89e12c8d1502,geom_07e16bc524ecb278,C12H14N2O2,geom_07e16bc524ecb278,n6,madness,/home/ahurtado/Projects/gecko/tests/fixtures/calc_nlo_beta/NLO/madness/n6,,,-0.0,0.0,0.0,zxz,13.472270710441753
calc_69ef89e12c8d1502,geom_07e16bc524ecb278,C12H14N2O2,geom_07e16bc524ecb278,n6,madness,/home/ahurtado/Projects/gecko/tests/fixtures/calc_nlo_beta/NLO/madness/n6,,,-0.0,0.0,0.0,zyx,9.075904760588943e-05
calc_69ef89e12c8d1502,geom_07e16bc524ecb278,C12H14N2O2,geom_07e16bc524ecb278,n6,madness,/home/ahurtado/Projects/gecko/tests/fixtures/calc_nlo_beta/NLO/madness/n6,,,-0.0,0.0,0.0,zyy,-0.00027000297751356665
calc_69ef89e12c8d1502,geom_07e16bc524ecb278,C12H14N2O2,geom_07e16bc524ecb278,n6,madness,/home/ahurtado/Projects/gecko/tests/fixtures/calc_nlo_beta/NLO/madness/n6,,,-0.0,0.0,0.0,zyz,-41.665598825202885
calc_69ef89e12c8d1502,geom_07e16bc524ecb278,C12H14N2O2,geom_07e16bc524ecb278,n6,madness,/home/ahurtado/Projects/gecko/tests/fixtures/calc_nlo_beta/NLO/madness/n6,,,-0.0,0.0,0.0,zzx,13.472270710429413
calc_69ef89e12c8d1502,geom_07e16bc524ecb278,C12H14N2O2,geom_07e16bc524ecb278,n6,madness,/home/ahurtado/Projects/gecko/tests/fixtures/calc_nlo_beta/NLO/madness/n6,,,-0.0,0.0,0.0,zzy,-41.66559882522099
calc_69ef89e12c8d1502,geom_07e16bc524ecb278,C12H14N2O2,geom_07e16bc524ecb278,n6,madness,/home/ahurtado/Projects/gecko/tests/fixtures/calc_nlo_beta/NLO/madness/n6,,,-0.0,0.0,0.0,zzz,-0.000128815663981168
calc_da08a022938f3c57,geom_7593e232ede8cacd,C6H8N2O2,geom_7593e232ede8cacd,n3,madness,/home/ahurtado/Projects/gecko/tests/fixtures/calc_nlo_beta/NLO/madness/n3,,,-0.0,0.0,0.0,xxx,1296.1980013741863
calc_da08a022938f3c57,geom_7593e232ede8cacd,C6H8N2O2,geom_7593e232ede8cacd,n3,madness,/home/ahurtado/Projects/gecko/tests/fixtures/calc_nlo_beta/NLO/madness/n3,,,-0.0,0.0,0.0,xxy,1613.1551054196952
calc_da08a022938f3c57,geom_7593e232ede8cacd,C6H8N2O2,geom_7593e232ede8cacd,n3,madness,/home/ahurtado/Projects/gecko/tests/fixtures/calc_nlo_beta/NLO/madness/n3,,,-0.0,0.0,0.0,xxz,0.0003214094329264968
calc_da08a022938f3c57,geom_7593e232ede8cacd,C6H8N2O2,geom_7593e232ede8cacd,n3,madness,/home/ahurtado/Projects/gecko/tests/fixtures/calc_nlo_beta/NLO/madness/n3,,,-0.0,0.0,0.0,xyx,1613.1551054195775
calc_da08a022938f3c57,geom_7593e232ede8cacd,C6H8N2O2,geom_7593e232ede8cacd,n3,madness,/home/ahurtado/Projects/gecko/tests/fixtures/calc_nlo_beta/NLO/madness/n3,,,-0.0,0.0,0.0,xyy,1294.7448387246448
calc_da08a022938f3c57,geom_7593e232ede8cacd,C6H8N2O2,geom_7593e232ede8cacd,n3,madness,/home/ahurtado/Projects/gecko/tests/fixtures/calc_nlo_beta/NLO/madness/n3,,,-0.0,0.0,0.0,xyz,0.00034823503214558244
calc_da08a022938f3c57,geom_7593e232ede8cacd,C6H8N2O2,geom_7593e232ede8cacd,n3,madness,/home/ahurtado/Projects/gecko/tests/fixtures/calc_nlo_beta/NLO/madness/n3,,,-0.0,0.0,0.0,xzx,0.000321409430081454
calc_da08a022938f3c57,geom_7593e232ede8cacd,C6H8N2O2,geom_7593e232ede8cacd,n3,madness,/home/ahurtado/Projects/gecko/tests/fixtures/calc_nlo_beta/NLO/madness/n3,,,-0.0,0.0,0.0,xzy,0.00034823503178955684
calc_da08a022938f3c57,geom_7593e232ede8cacd,C6H8N2O2,geom_7593e232ede8cacd,n3,madness,/home/ahurtado/Projects/gecko/tests/fixtures/calc_nlo_beta/NLO/madness/n3,,,-0.0,0.0,0.0,xzz,-30.39620468792835
calc_da08a022938f3c57,geom_7593e232ede8cacd,C6H8N2O2,geom_7593e232ede8cacd,n3,madness,/home/ahurtado/Projects/gecko/tests/fixtures/calc_nlo_beta/NLO/madness/n3,,,-0.0,0.0,0.0,yxx,1613.1551813023511
calc_da08a022938f3c57,geom_7593e232ede8cacd,C6H8N2O2,geom_7593e232ede8cacd,n3,madness,/home/ahurtado/Projects/gecko/tests/fixtures/calc_nlo_beta/NLO/madness/n3,,,-0.0,0.0,0.0,yxy,1294.7448057515169
calc_da08a022938f3c57,geom_7593e232ede8cacd,C6H8N2O2,geom_7593e232ede8cacd,n3,madness,/home/ahurtado/Projects/gecko/tests/fixtures/calc_nlo_beta/NLO/madness/n3,,,-0.0,0.0,0.0,yxz,0.0003455095693217235
calc_da08a022938f3c57,geom_7593e232ede8cacd,C6H8N2O2,geom_7593e232ede8cacd,n3,madness,/home/ahurtado/Projects/gecko/tests/fixtures/calc_nlo_beta/NLO/madness/n3,,,-0.0,0.0,0.0,yyx,1294.7448057514457
calc_da08a022938f3c57,geom_7593e232ede8cacd,C6H8N2O2,geom_7593e232ede8cacd,n3,madness,/home/ahurtado/Projects/gecko/tests/fixtures/calc_nlo_beta/NLO/madness/n3,,,-0.0,0.0,0.0,yyy,823.4896878126114
calc_da08a022938f3c57,geom_7593e232ede8cacd,C6H8N2O2,geom_7593e232ede8cacd,n3,madness,/home/ahurtado/Projects/gecko/tests/fixtures/calc_nlo_beta/NLO/madness/n3,,,-0.0,0.0,0.0,yyz,7.425351557506793e-05
calc_da08a022938f3c57,geom_7593e232ede8cacd,C6H8N2O2,geom_7593e232ede8cacd,n3,madness,/home/ahurtado/Projects/gecko/tests/fixtures/calc_nlo_beta/NLO/madness/n3,,,-0.0,0.0,0.0,yzx,0.0003455095681013435
calc_da08a022938f3c57,geom_7593e232ede8cacd,C6H8N2O2,geom_7593e232ede8cacd,n3,madness,/home/ahurtado/Projects/gecko/tests/fixtures/calc_nlo_beta/NLO/madness/n3,,,-0.0,0.0,0.0,yzy,7.425351529710483e-05
calc_da08a022938f3c57,geom_7593e232ede8cacd,C6H8N2O2,geom_7593e232ede8cacd,n3,madness,/home/ahurtado/Projects/gecko/tests/fixtures/calc_nlo_beta/NLO/madness/n3,,,-0.0,0.0,0.0,yzz,-23.27108157177472
calc_da08a022938f3c57,geom_7593e232ede8cacd,C6H8N2O2,geom_7593e232ede8cacd,n3,madness,/home/ahurtado/Projects/gecko/tests/fixtures/calc_nlo_beta/NLO/madness/n3,,,-0.0,0.0,0.0,zxx,0.0003255676748167969
calc_da08a022938f3c57,geom_7593e232ede8cacd,C6H8N2O2,geom_7593e232ede8cacd,n3,madness,/home/ahurtado/Projects/gecko/tests/fixtures/calc_nlo_beta/NLO/madness/n3,,,-0.0,0.0,0.0,zxy,0.00035145217964851566
calc_da08a022938f3c57,geom_7593e232ede8cacd,C6H8N2O2,geom_7593e232ede8cacd,n3,madness,/home/ahurtado/Projects/gecko/tests/fixtures/calc_nlo_beta/NLO/madness/n3,,,-0.0,0.0,0.0,zxz,-30.396092456588665
calc_da08a022938f3c57,geom_7593e232ede8cacd,C6H8N2O2,geom_7593e232ede8cacd,n3,madness,/home/ahurtado/Projects/gecko/tests/fixtures/calc_nlo_beta/NLO/madness/n3,,,-0.0,0.0,0.0,zyx,0.0003514521788993946
calc_da08a022938f3c57,geom_7593e232ede8cacd,C6H8N2O2,geom_7593e232ede8cacd,n3,madness,/home/ahurtado/Projects/gecko/tests/fixtures/calc_nlo_beta/NLO/madness/n3,,,-0.0,0.0,0.0,zyy,7.707511368203287e-05
calc_da08a022938f3c57,geom_7593e232ede8cacd,C6H8N2O2,geom_7593e232ede8cacd,n3,madness,/home/ahurtado/Projects/gecko/tests/fixtures/calc_nlo_beta/NLO/madness/n3,,,-0.0,0.0,0.0,zyz,-23.271126585839347
calc_da08a022938f3c57,geom_7593e232ede8cacd,C6H8N2O2,geom_7593e232ede8cacd,n3,madness,/home/ahurtado/Projects/gecko/tests/fixtures/calc_nlo_beta/NLO/madness/n3,,,-0.0,0.0,0.0,zzx,-30.39609245660068
calc_da08a022938f3c57,geom_7593e232ede8cacd,C6H8N2O2,geom_7593e232ede8cacd,n3,madness,/home/ahurtado/Projects/gecko/tests/fixtures/calc_nlo_beta/NLO/madness/n3,,,-0.0,0.0,0.0,zzy,-23.271126585844634
calc_da08a022938f3c57,geom_7593e232ede8cacd,C6H8N2O2,geom_7593e232ede8cacd,n3,madness,/home/ahurtado/Projects/gecko/tests/fixtures/calc_nlo_beta/NLO/madness/n3,,,-0.0,0.0,0.0,zzz,-5.853224122494562e-05
calc_7638b5431b6b3cfd,geom_ec781156b1ec50fe,C30H32N2O2,geom_ec781156b1ec50fe,n15,madness,/home/ahurtado/Projects/gecko/tests/fixtures/calc_nlo_beta/NLO/madness/n15,,,-0.0,0.0,0.0,xxx,75.05932905658202
calc_7638b5431b6b3cfd,geom_ec781156b1ec50fe,C30H32N2O2,geom_ec781156b1ec50fe,n15,madness,/home/ahurtado/Projects/gecko/tests/fixtures/calc_nlo_beta/NLO/madness/n15,,,-0.0,0.0,0.0,xxy,-902.2591150752903
calc_7638b5431b6b3cfd,geom_ec781156b1ec50fe,C30H32N2O2,geom_ec781156b1ec50fe,n15,madness,/home/ahurtado/Projects/gecko/tests/fixtures/calc_nlo_beta/NLO/madness/n15,,,-0.0,0.0,0.0,xxz,-0.0002471938426206355
calc_7638b5431b6b3cfd,geom_ec781156b1ec50fe,C30H32N2O2,geom_ec781156b1ec50fe,n15,madness,/home/ahurtado/Projects/gecko/tests/fixtures/calc_nlo_beta/NLO/madness/n15,,,-0.0,0.0,0.0,xyx,-902.2591150753567
calc_7638b5431b6b3cfd,geom_ec781156b1ec50fe,C30H32N2O2,geom_ec781156b1ec50fe,n15,madness,/home/ahurtado/Projects/gecko/tests/fixtures/calc_nlo_beta/NLO/madness/n15,,,-0.0,0.0,0.0,xyy,2926.1461086259246
calc_7638b5431b6b3cfd,geom_ec781156b1ec50fe,C30H32N2O2,geom_ec781156b1ec50fe,n15,madness,/home/ahurtado/Projects/gecko/tests/fixtures/calc_nlo_beta/NLO/madness/n15,,,-0.0,0.0,0.0,xyz,0.0016773798122647371
calc_7638b5431b6b3cfd,geom_ec781156b1ec50fe,C30H32N2O2,geom_ec781156b1ec50fe,n15,madness,/home/ahurtado/Projects/gecko/tests/fixtures/calc_nlo_beta/NLO/madness/n15,,,-0.0,0.0,0.0,xzx,-0.0002471939445074685
calc_7638b5431b6b3cfd,geom_ec781156b1ec50fe,C30H32N2O2,geom_ec781156b1ec50fe,n15,madness,/home/ahurtado/Projects/gecko/tests/fixtures/calc_nlo_beta/NLO/madness/n15,,,-0.0,0.0,0.0,xzy,0.0016773798121480278
calc_7638b5431b6b3cfd,geom_ec781156b1ec50fe,C30H32N2O2,geom_ec781156b1ec50fe,n15,madness,/home/ahurtado/Projects/gecko/tests/fixtures/calc_nlo_beta/NLO/madness/n15,,,-0.0,0.0,0.0,xzz,-0.823248782107342
calc_7638b5431b6b3cfd,geom_ec781156b1ec50fe,C30H32N2O2,geom_ec781156b1ec50fe,n15,madness,/home/ahurtado/Projects/gecko/tests/fixtures/calc_nlo_beta/NLO/madness/n15,,,-0.0,0.0,0.0,yxx,-902.2568442257905
calc_7638b5431b6b3cfd,geom_ec781156b1ec50fe,C30H32N2O2,geom_ec781156b1ec50fe,n15,madness,/home/ahurtado/Projects/gecko/tests/fixtures/calc_nlo_beta/NLO/madness/n15,,,-0.0,0.0,0.0,yxy,2926.2330580812295
calc_7638b5431b6b3cfd,geom_ec781156b1ec50fe,C30H32N2O2,geom_ec781156b1ec50fe,n15,madness,/home/ahurtado/Projects/gecko/tests/fixtures/calc_nlo_beta/NLO/madness/n15,,,-0.0,0.0,0.0,yxz,0.0017328108151683647
calc_7638b5431b6b3cfd,geom_ec781156b1ec50fe,C30H32N2O2,geom_ec781156b1ec50fe,n15,madness,/home/ahurtado/Projects/gecko/tests/fixtures/calc_nlo_beta/NLO/madness/n15,,,-0.0,0.0,0.0,yyx,2926.2330580814187
calc_7638b5431b6b3cfd,geom_ec781156b1ec50fe,C30H32N2O2,geom_ec781156b1ec50fe,n15,madness,/home/ahurtado/Projects/gecko/tests/fixtures/calc_nlo_beta/NLO/madness/n15,,,-0.0,0.0,0.0,yyy,134006.24942598728
calc_7638b5431b6b3cfd,geom_ec781156b1ec50fe,C30H32N2O2,geom_ec781156b1ec50fe,n15,madness,/home/ahurtado/Projects/gecko/tests/fixtures/calc_nlo_beta/NLO/madness/n15,,,-0.0,0.0,0.0,yyz,-0.004422976021015816
calc_7638b5431b6b3cfd,geom_ec781156b1ec50fe,C30H32N2O2,geom_ec781156b1ec50fe,n15,madness,/home/ahurtado/Projects/gecko/tests/fixtures/calc_nlo_beta/NLO/madness/n15,,,-0.0,0.0,0.0,yzx,0.0017328100690911217
calc_7638b5431b6b3cfd,geom_ec781156b1ec50fe,C30H32N2O2,geom_ec781156b1ec50fe,n15,madness,/home/ahurtado/Projects/gecko/tests/fixtures/calc_nlo_beta/NLO/madness/n15,,,-0.0,0.0,0.0,yzy,-0.00442297601775956
calc_7638b5431b6b3cfd,geom_ec781156b1ec50fe,C30H32N2O2,geom_ec781156b1ec50fe,n15,madness,/home/ahurtado/Projects/gecko/tests/fixtures/calc_nlo_beta/NLO/madness/n15,,,-0.0,0.0,0.0,yzz,-28.935717653980127
calc_7638b5431b6b3cfd,geom_ec781156b1ec50fe,C30H32N2O2,geom_ec781156b1ec50fe,n15,madness,/home/ahurtado/Projects/gecko/tests/fixtures/calc_nlo_beta/NLO/madness/n15,,,-0.0,0.0,0.0,zxx,-0.00024245108551316876
calc_7638b5431b6b3cfd,geom_ec781156b1ec50fe,C30H32N2O2,geom_ec781156b1ec50fe,n15,madness,/home/ahurtado/Projects/gecko/tests/fixtures/calc_nlo_beta/NLO/madness/n15,,,-0.0,0.0,0.0,zxy,0.001724800914550447
calc_7638b5431b6b3cfd,geom_ec781156b1ec50fe,C30H32N2O2,geom_ec781156b1ec50fe,n15,madness,/home/ahurtado/Projects/gecko/tests/fixtures/calc_nlo_beta/NLO/madness/n15,,,-0.0,0.0,0.0,zxz,-0.8283425890485826
calc_7638b5431b6b3cfd,geom_ec781156b1ec50fe,C30H32N2O2,geom_ec781156b1ec50fe,n15,madness,/home/ahurtado/Projects/gecko/tests/fixtures/calc_nlo_beta/NLO/madness/n15,,,-0.0,0.0,0.0,zyx,0.0017248009151250756
calc_7638b5431b6b3cfd,geom_ec781156b1ec50fe,C30H32N2O2,geom_ec781156b1ec50fe,n15,madness,/home/ahurtado/Projects/gecko/tests/fixtures/calc_nlo_beta/NLO/madness/n15,,,-0.0,0.0,0.0,zyy,-0.0043015258930738515
calc_7638b5431b6b3cfd,geom_ec781156b1ec50fe,C30H32N2O2,geom_ec781156b1ec50fe,n15,madness,/home/ahurtado/Projects/gecko/tests/fixtures/calc_nlo_beta/NLO/madness/n15,,,-0.0,0.0,0.0,zyz,-28.9354411496202
calc_7638b5431b6b3cfd,geom_ec781156b1ec50fe,C30H32N2O2,geom_ec781156b1ec50fe,n15,madness,/home/ahurtado/Projects/gecko/tests/fixtures/calc_nlo_beta/NLO/madness/n15,,,-0.0,0.0,0.0,zzx,-0.8283425889976928
calc_7638b5431b6b3cfd,geom_ec781156b1ec50fe,C30H32N2O2,geom_ec781156b1ec50fe,n15,madness,/home/ahurtado/Projects/gecko/tests/fixtures/calc_nlo_beta/NLO/madness/n15,,,-0.0,0.0,0.0,zzy,-28.93544114968043
calc_7638b5431b6b3cfd,geom_ec781156b1ec50fe,C30H32N2O2,geom_ec781156b1ec50fe,n15,madness,/home/ahurtado/Projects/gecko/tests/fixtures/calc_nlo_beta/NLO/madness/n15,,,-0.0,0.0,0.0,zzz,-0.0013337975300942075
calc_b5fabb593776423b,geom_7a1b5e33b9df4033,C28H30N2O2,geom_7a1b5e33b9df4033,n14,madness,/home/ahurtado/Projects/gecko/tests/fixtures/calc_nlo_beta/NLO/madness/n14,,,-0.0,0.0,0.0,xxx,-2862.936590928655
calc_b5fabb593776423b,geom_7a1b5e33b9df4033,C28H30N2O2,geom_7a1b5e33b9df4033,n14,madness,/home/ahurtado/Projects/gecko/tests/fixtures/calc_nlo_beta/NLO/madness/n14,,,-0.0,0.0,0.0,xxy,10297.436405790775
calc_b5fabb593776423b,geom_7a1b5e33b9df4033,C28H30N2O2,geom_7a1b5e33b9df4033,n14,madness,/home/ahurtado/Projects/gecko/tests/fixtures/calc_nlo_beta/NLO/madness/n14,,,-0.0,0.0,0.0,xxz,0.0003963038234030814
calc_b5fabb593776423b,geom_7a1b5e33b9df4033,C28H30N2O2,geom_7a1b5e33b9df4033,n14,madness,/home/ahurtado/Projects/gecko/tests/fixtures/calc_nlo_beta/NLO/madness/n14,,,-0.0,0.0,0.0,xyx,10297.436405790475
calc_b5fabb593776423b,geom_7a1b5e33b9df4033,C28H30N2O2,geom_7a1b5e33b9df4033,n14,madness,/home/ahurtado/Projects/gecko/tests/fixtures/calc_nlo_beta/NLO/madness/n14,,,-0.0,0.0,0.0,xyy,-34693.28236114733
calc_b5fabb593776423b,geom_7a1b5e33b9df4033,C28H30N2O2,geom_7a1b5e33b9df4033,n14,madness,/home/ahurtado/Projects/gecko/tests/fixtures/calc_nlo_beta/NLO/madness/n14,,,-0.0,0.0,0.0,xyz,-0.00030965192386054046
calc_b5fabb593776423b,geom_7a1b5e33b9df4033,C28H30N2O2,geom_7a1b5e33b9df4033,n14,madness,/home/ahurtado/Projects/gecko/tests/fixtures/calc_nlo_beta/NLO/madness/n14,,,-0.0,0.0,0.0,xzx,0.00039630381667998425
calc_b5fabb593776423b,geom_7a1b5e33b9df4033,C28H30N2O2,geom_7a1b5e33b9df4033,n14,madness,/home/ahurtado/Projects/gecko/tests/fixtures/calc_nlo_beta/NLO/madness/n14,,,-0.0,0.0,0.0,xzy,-0.0003096519384542374
calc_b5fabb593776423b,geom_7a1b5e33b9df4033,C28H30N2O2,geom_7a1b5e33b9df4033,n14,madness,/home/ahurtado/Projects/gecko/tests/fixtures/calc_nlo_beta/NLO/madness/n14,,,-0.0,0.0,0.0,xzz,9.586750454110746
calc_b5fabb593776423b,geom_7a1b5e33b9df4033,C28H30N2O2,geom_7a1b5e33b9df4033,n14,madness,/home/ahurtado/Projects/gecko/tests/fixtures/calc_nlo_beta/NLO/madness/n14,,,-0.0,0.0,0.0,yxx,10297.433819317703
calc_b5fabb593776423b,geom_7a1b5e33b9df4033,C28H30N2O2,geom_7a1b5e33b9df4033,n14,madness,/home/ahurtado/Projects/gecko/tests/fixtures/calc_nlo_beta/NLO/madness/n14,,,-0.0,0.0,0.0,yxy,-34693.25705690582
calc_b5fabb593776423b,geom_7a1b5e33b9df4033,C28H30N2O2,geom_7a1b5e33b9df4033,n14,madness,/home/ahurtado/Projects/gecko/tests/fixtures/calc_nlo_beta/NLO/madness/n14,,,-0.0,0.0,0.0,yxz,-0.0003313001888773643
calc_b5fabb593776423b,geom_7a1b5e33b9df4033,C28H30N2O2,geom_7a1b5e33b9df4033,n14,madness,/home/ahurtado/Projects/gecko/tests/fixtures/calc_nlo_beta/NLO/madness/n14,,,-0.0,0.0,0.0,yyx,-34693.257056903276
calc_b5fabb593776423b,geom_7a1b5e33b9df4033,C28H30N2O2,geom_7a1b5e33b9df4033,n14,madness,/home/ahurtado/Projects/gecko/tests/fixtures/calc_nlo_beta/NLO/madness/n14,,,-0.0,0.0,0.0,yyy,106285.44440453155
calc_b5fabb593776423b,geom_7a1b5e33b9df4033,C28H30N2O2,geom_7a1b5e33b9df4033,n14,madness,/home/ahurtado/Projects/gecko/tests/fixtures/calc_nlo_beta/NLO/madness/n14,,,-0.0,0.0,0.0,yyz,-0.0002870582453738447
calc_b5fabb593776423b,geom_7a1b5e33b9df4033,C28H30N2O2,geom_7a1b5e33b9df4033,n14,madness,/home/ahurtado/Projects/gecko/tests/fixtures/calc_nlo_beta/NLO/madness/n14,,,-0.0,0.0,0.0,yzx,-0.0003313001824082959
calc_b5fabb593776423b,geom_7a1b5e33b9df4033,C28H30N2O2,geom_7a1b5e33b9df4033,n14,madness,/home/ahurtado/Projects/gecko/tests/fixtures/calc_nlo_beta/NLO/madness/n14,,,-0.0,0.0,0.0,yzy,-0.000287058170271165
calc_b5fabb593776423b,geom_7a1b5e33b9df4033,C28H30N2O2,geom_7a1b5e33b9df4033,n14,madness,/home/ahurtado/Projects/gecko/tests/fixtures/calc_nlo_beta/NLO/madness/n14,,,-0.0,0.0,0.0,yzz,-29.40467602856989
calc_b5fabb593776423b,geom_7a1b5e33b9df4033,C28H30N2O2,geom_7a1b5e33b9df4033,n14,madness,/home/ahurtado/Projects/gecko/tests/fixtures/calc_nlo_beta/NLO/madness/n14,,,-0.0,0.0,0.0,zxx,0.0004001697486696001
calc_b5fabb593776423b,geom_7a1b5e33b9df4033,C28H30N2O2,geom_7a1b5e33b9df4033,n14,madness,/home/ahurtado/Projects/gecko/tests/fixtures/calc_nlo_beta/NLO/madness/n14,,,-0.0,0.0,0.0,zxy,-0.0003290993772700256
calc_b5fabb593776423b,geom_7a1b5e33b9df4033,C28H30N2O2,geom_7a1b5e33b9df4033,n14,madness,/home/ahurtado/Projects/gecko/tests/fixtures/calc_nlo_beta/NLO/madness/n14,,,-0.0,0.0,0.0,zxz,9.587964617967426
calc_b5fabb593776423b,geom_7a1b5e33b9df4033,C28H30N2O2,geom_7a1b5e33b9df4033,n14,madness,/home/ahurtado/Projects/gecko/tests/fixtures/calc_nlo_beta/NLO/madness/n14,,,-0.0,0.0,0.0,zyx,-0.00032909937774138853
calc_b5fabb593776423b,geom_7a1b5e33b9df4033,C28H30N2O2,geom_7a1b5e33b9df4033,n14,madness,/home/ahurtado/Projects/gecko/tests/fixtures/calc_nlo_beta/NLO/madness/n14,,,-0.0,0.0,0.0,zyy,-0.00030000383800953684
calc_b5fabb593776423b,geom_7a1b5e33b9df4033,C28H30N2O2,geom_7a1b5e33b9df4033,n14,madness,/home/ahurtado/Projects/gecko/tests/fixtures/calc_nlo_beta/NLO/madness/n14,,,-0.0,0.0,0.0,zyz,-29.404121909049596
calc_b5fabb593776423b,geom_7a1b5e33b9df4033,C28H30N2O2,geom_7a1b5e33b9df4033,n14,madness,/home/ahurtado/Projects/gecko/tests/fixtures/calc_nlo_beta/NLO/madness/n14,,,-0.0,0.0,0.0,zzx,9.587964617976871
calc_b5fabb593776423b,geom_7a1b5e33b9df4033,C28H30N2O2,geom_7a1b5e33b9df4033,n14,madness,/home/ahurtado/Projects/gecko/tests/fixtures/calc_nlo_beta/NLO/madness/n14,,,-0.0,0.0,0.0,zzy,-29.40412190909896
calc_b5fabb593776423b,geom_7a1b5e33b9df4033,C28H30N2O2,geom_7a1b5e33b9df4033,n14,madness,/home/ahurtado/Projects/gecko/tests/fixtures/calc_nlo_beta/NLO/madness/n14,,,-0.0,0.0,0.0,zzz,-9.713219554698037e-05
calc_5bb0cc37e6e0a3f2,geom_872be2d6e34aa131,C24H26N2O2,geom_872be2d6e34aa131,n12,madness,/home/ahurtado/Projects/gecko/tests/fixtures/calc_nlo_beta/NLO/madness/n12,,,-0.0,0.0,0.0,xxx,-1993.6138479115857
calc_5bb0cc37e6e0a3f2,geom_872be2d6e34aa131,C24H26N2O2,geom_872be2d6e34aa131,n12,madness,/home/ahurtado/Projects/gecko/tests/fixtures/calc_nlo_beta/NLO/madness/n12,,,-0.0,0.0,0.0,xxy,7673.132682092522
calc_5bb0cc37e6e0a3f2,geom_872be2d6e34aa131,C24H26N2O2,geom_872be2d6e34aa131,n12,madness,/home/ahurtado/Projects/gecko/tests/fixtures/calc_nlo_beta/NLO/madness/n12,,,-0.0,0.0,0.0,xxz,-0.0005669717662790104
calc_5bb0cc37e6e0a3f2,geom_872be2d6e34aa131,C24H26N2O2,geom_872be2d6e34aa131,n12,madness,/home/ahurtado/Projects/gecko/tests/fixtures/calc_nlo_beta/NLO/madness/n12,,,-0.0,0.0,0.0,xyx,7673.132682092317
calc_5bb0cc37e6e0a3f2,geom_872be2d6e34aa131,C24H26N2O2,geom_872be2d6e34aa131,n12,madness,/home/ahurtado/Projects/gecko/tests/fixtures/calc_nlo_beta/NLO/madness/n12,,,-0.0,0.0,0.0,xyy,-27243.48811168385
calc_5bb0cc37e6e0a3f2,geom_872be2d6e34aa131,C24H26N2O2,geom_872be2d6e34aa131,n12,madness,/home/ahurtado/Projects/gecko/tests/fixtures/calc_nlo_beta/NLO/madness/n12,,,-0.0,0.0,0.0,xyz,0.0021432989834465717
calc_5bb0cc37e6e0a3f2,geom_872be2d6e34aa131,C24H26N2O2,geom_872be2d6e34aa131,n12,madness,/home/ahurtado/Projects/gecko/tests/fixtures/calc_nlo_beta/NLO/madness/n12,,,-0.0,0.0,0.0,xzx,-0.000566971763712015
calc_5bb0cc37e6e0a3f2,geom_872be2d6e34aa131,C24H26N2O2,geom_872be2d6e34aa131,n12,madness,/home/ahurtado/Projects/gecko/tests/fixtures/calc_nlo_beta/NLO/madness/n12,,,-0.0,0.0,0.0,xzy,0.0021432989897419755
calc_5bb0cc37e6e0a3f2,geom_872be2d6e34aa131,C24H26N2O2,geom_872be2d6e34aa131,n12,madness,/home/ahurtado/Projects/gecko/tests/fixtures/calc_nlo_beta/NLO/madness/n12,,,-0.0,0.0,0.0,xzz,10.224308992379152
calc_5bb0cc37e6e0a3f2,geom_872be2d6e34aa131,C24H26N2O2,geom_872be2d6e34aa131,n12,madness,/home/ahurtado/Projects/gecko/tests/fixtures/calc_nlo_beta/NLO/madness/n12,,,-0.0,0.0,0.0,yxx,7673.128238816862
calc_5bb0cc37e6e0a3f2,geom_872be2d6e34aa131,C24H26N2O2,geom_872be2d6e34aa131,n12,madness,/home/ahurtado/Projects/gecko/tests/fixtures/calc_nlo_beta/NLO/madness/n12,,,-0.0,0.0,0.0,yxy,-27243.46687140708
calc_5bb0cc37e6e0a3f2,geom_872be2d6e34aa131,C24H26N2O2,geom_872be2d6e34aa131,n12,madness,/home/ahurtado/Projects/gecko/tests/fixtures/calc_nlo_beta/NLO/madness/n12,,,-0.0,0.0,0.0,yxz,0.002148747910969077
calc_5bb0cc37e6e0a3f2,geom_872be2d6e34aa131,C24H26N2O2,geom_872be2d6e34aa131,n12,madness,/home/ahurtado/Projects/gecko/tests/fixtures/calc_nlo_beta/NLO/madness/n12,,,-0.0,0.0,0.0,yyx,-27243.46687140529
calc_5bb0cc37e6e0a3f2,geom_872be2d6e34aa131,C24H26N2O2,geom_872be2d6e34aa131,n12,madness,/home/ahurtado/Projects/gecko/tests/fixtures/calc_nlo_beta/NLO/madness/n12,,,-0.0,0.0,0.0,yyy,85813.93994581455
calc_5bb0cc37e6e0a3f2,geom_872be2d6e34aa131,C24H26N2O2,geom_872be2d6e34aa131,n12,madness,/home/ahurtado/Projects/gecko/tests/fixtures/calc_nlo_beta/NLO/madness/n12,,,-0.0,0.0,0.0,yyz,-0.008341444500936782
calc_5bb0cc37e6e0a3f2,geom_872be2d6e34aa131,C24H26N2O2,geom_872be2d6e34aa131,n12,madness,/home/ahurtado/Projects/gecko/tests/fixtures/calc_nlo_beta/NLO/madness/n12,,,-0.0,0.0,0.0,yzx,0.002148747931421368
calc_5bb0cc37e6e0a3f2,geom_872be2d6e34aa131,C24H26N2O2,geom_872be2d6e34aa131,n12,madness,/home/ahurtado/Projects/gecko/tests/fixtures/calc_nlo_beta/NLO/madness/n12,,,-0.0,0.0,0.0,yzy,-0.008341444534738885
calc_5bb0cc37e6e0a3f2,geom_872be2d6e34aa131,C24H26N2O2,geom_872be2d6e34aa131,n12,madness,/home/ahurtado/Projects/gecko/tests/fixtures/calc_nlo_beta/NLO/madness/n12,,,-0.0,0.0,0.0,yzz,-34.46740519458319
calc_5bb0cc37e6e0a3f2,geom_872be2d6e34aa131,C24H26N2O2,geom_872be2d6e34aa131,n12,madness,/home/ahurtado/Projects/gecko/tests/fixtures/calc_nlo_beta/NLO/madness/n12,,,-0.0,0.0,0.0,zxx,-0.0005630674451079965
calc_5bb0cc37e6e0a3f2,geom_872be2d6e34aa131,C24H26N2O2,geom_872be2d6e34aa131,n12,madness,/home/ahurtado/Projects/gecko/tests/fixtures/calc_nlo_beta/NLO/madness/n12,,,-0.0,0.0,0.0,zxy,0.0021350271360931787
calc_5bb0cc37e6e0a3f2,geom_872be2d6e34aa131,C24H26N2O2,geom_872be2d6e34aa131,n12,madness,/home/ahurtado/Projects/gecko/tests/fixtures/calc_nlo_beta/NLO/madness/n12,,,-0.0,0.0,0.0,zxz,10.224481152793503
calc_5bb0cc37e6e0a3f2,geom_872be2d6e34aa131,C24H26N2O2,geom_872be2d6e34aa131,n12,madness,/home/ahurtado/Projects/gecko/tests/fixtures/calc_nlo_beta/NLO/madness/n12,,,-0.0,0.0,0.0,zyx,0.002135027134477203
calc_5bb0cc37e6e0a3f2,geom_872be2d6e34aa131,C24H26N2O2,geom_872be2d6e34aa131,n12,madness,/home/ahurtado/Projects/gecko/tests/fixtures/calc_nlo_beta/NLO/madness/n12,,,-0.0,0.0,0.0,zyy,-0.008273850903807372
calc_5bb0cc37e6e0a3f2,geom_872be2d6e34aa131,C24H26N2O2,geom_872be2d6e34aa131,n12,madness,/home/ahurtado/Projects/gecko/tests/fixtures/calc_nlo_beta/NLO/madness/n12,,,-0.0,0.0,0.0,zyz,-34.467040969663444
calc_5bb0cc37e6e0a3f2,geom_872be2d6e34aa131,C24H26N2O2,geom_872be2d6e34aa131,n12,madness,/home/ahurtado/Projects/gecko/tests/fixtures/calc_nlo_beta/NLO/madness/n12,,,-0.0,0.0,0.0,zzx,10.224481152805485
calc_5bb0cc37e6e0a3f2,geom_872be2d6e34aa131,C24H26N2O2,geom_872be2d6e34aa131,n12,madness,/home/ahurtado/Projects/gecko/tests/fixtures/calc_nlo_beta/NLO/madness/n12,,,-0.0,0.0,0.0,zzy,-34.46704096970345
calc_5bb0cc37e6e0a3f2,geom_872be2d6e34aa131,C24H26N2O2,geom_872be2d6e34aa131,n12,madness,/home/ahurtado/Projects/gecko/tests/fixtures/calc_nlo_beta/NLO/madness/n12,,,-0.0,0.0,0.0,zzz,0.00014518681318873196
calc_8b5b3d3b0b5f5068,geom_bf64669836c61f27,C8H10N2O2,geom_bf64669836c61f27,n4,madness,/home/ahurtado/Projects/gecko/tests/fixtures/calc_nlo_beta/NLO/madness/n4,,,-0.0,0.0,0.0,xxx,-332.05855833243584
calc_8b5b3d3b0b5f5068,geom_bf64669836c61f27,C8H10N2O2,geom_bf64669836c61f27,n4,madness,/home/ahurtado/Projects/gecko/tests/fixtures/calc_nlo_beta/NLO/madness/n4,,,-0.0,0.0,0.0,xxy,1165.5041299801426
calc_8b5b3d3b0b5f5068,geom_bf64669836c61f27,C8H10N2O2,geom_bf64669836c61f27,n4,madness,/home/ahurtado/Projects/gecko/tests/fixtures/calc_nlo_beta/NLO/madness/n4,,,-0.0,0.0,0.0,xxz,-5.691576175338229e-05
calc_8b5b3d3b0b5f5068,geom_bf64669836c61f27,C8H10N2O2,geom_bf64669836c61f27,n4,madness,/home/ahurtado/Projects/gecko/tests/fixtures/calc_nlo_beta/NLO/madness/n4,,,-0.0,0.0,0.0,xyx,1165.5041299800855
calc_8b5b3d3b0b5f5068,geom_bf64669836c61f27,C8H10N2O2,geom_bf64669836c61f27,n4,madness,/home/ahurtado/Projects/gecko/tests/fixtures/calc_nlo_beta/NLO/madness/n4,,,-0.0,0.0,0.0,xyy,-3083.596757622707
calc_8b5b3d3b0b5f5068,geom_bf64669836c61f27,C8H10N2O2,geom_bf64669836c61f27,n4,madness,/home/ahurtado/Projects/gecko/tests/fixtures/calc_nlo_beta/NLO/madness/n4,,,-0.0,0.0,0.0,xyz,0.00011707864074782217
calc_8b5b3d3b0b5f5068,geom_bf64669836c61f27,C8H10N2O2,geom_bf64669836c61f27,n4,madness,/home/ahurtado/Projects/gecko/tests/fixtures/calc_nlo_beta/NLO/madness/n4,,,-0.0,0.0,0.0,xzx,-5.691576161804558e-05
calc_8b5b3d3b0b5f5068,geom_bf64669836c61f27,C8H10N2O2,geom_bf64669836c61f27,n4,madness,/home/ahurtado/Projects/gecko/tests/fixtures/calc_nlo_beta/NLO/madness/n4,,,-0.0,0.0,0.0,xzy,0.00011707864123305215
calc_8b5b3d3b0b5f5068,geom_bf64669836c61f27,C8H10N2O2,geom_bf64669836c61f27,n4,madness,/home/ahurtado/Projects/gecko/tests/fixtures/calc_nlo_beta/NLO/madness/n4,,,-0.0,0.0,0.0,xzz,16.011752650339247
calc_8b5b3d3b0b5f5068,geom_bf64669836c61f27,C8H10N2O2,geom_bf64669836c61f27,n4,madness,/home/ahurtado/Projects/gecko/tests/fixtures/calc_nlo_beta/NLO/madness/n4,,,-0.0,0.0,0.0,yxx,1165.5035247857552
calc_8b5b3d3b0b5f5068,geom_bf64669836c61f27,C8H10N2O2,geom_bf64669836c61f27,n4,madness,/home/ahurtado/Projects/gecko/tests/fixtures/calc_nlo_beta/NLO/madness/n4,,,-0.0,0.0,0.0,yxy,-3083.5925787047977
calc_8b5b3d3b0b5f5068,geom_bf64669836c61f27,C8H10N2O2,geom_bf64669836c61f27,n4,madness,/home/ahurtado/Projects/gecko/tests/fixtures/calc_nlo_beta/NLO/madness/n4,,,-0.0,0.0,0.0,yxz,0.00011799858799235669
calc_8b5b3d3b0b5f5068,geom_bf64669836c61f27,C8H10N2O2,geom_bf64669836c61f27,n4,madness,/home/ahurtado/Projects/gecko/tests/fixtures/calc_nlo_beta/NLO/madness/n4,,,-0.0,0.0,0.0,yyx,-3083.5925787045912
calc_8b5b3d3b0b5f5068,geom_bf64669836c61f27,C8H10N2O2,geom_bf64669836c61f27,n4,madness,/home/ahurtado/Projects/gecko/tests/fixtures/calc_nlo_beta/NLO/madness/n4,,,-0.0,0.0,0.0,yyy,5599.356512285878
calc_8b5b3d3b0b5f5068,geom_bf64669836c61f27,C8H10N2O2,geom_bf64669836c61f27,n4,madness,/home/ahurtado/Projects/gecko/tests/fixtures/calc_nlo_beta/NLO/madness/n4,,,-0.0,0.0,0.0,yyz,-0.0002968869873165167
calc_8b5b3d3b0b5f5068,geom_bf64669836c61f27,C8H10N2O2,geom_bf64669836c61f27,n4,madness,/home/ahurtado/Projects/gecko/tests/fixtures/calc_nlo_beta/NLO/madness/n4,,,-0.0,0.0,0.0,yzx,0.00011799858802867056
calc_8b5b3d3b0b5f5068,geom_bf64669836c61f27,C8H10N2O2,geom_bf64669836c61f27,n4,madness,/home/ahurtado/Projects/gecko/tests/fixtures/calc_nlo_beta/NLO/madness/n4,,,-0.0,0.0,0.0,yzy,-0.000296886989495736
calc_8b5b3d3b0b5f5068,geom_bf64669836c61f27,C8H10N2O2,geom_bf64669836c61f27,n4,madness,/home/ahurtado/Projects/gecko/tests/fixtures/calc_nlo_beta/NLO/madness/n4,,,-0.0,0.0,0.0,yzz,-38.6063134880747
calc_8b5b3d3b0b5f5068,geom_bf64669836c61f27,C8H10N2O2,geom_bf64669836c61f27,n4,madness,/home/ahurtado/Projects/gecko/tests/fixtures/calc_nlo_beta/NLO/madness/n4,,,-0.0,0.0,0.0,zxx,-6.110333962579038e-05
calc_8b5b3d3b0b5f5068,geom_bf64669836c61f27,C8H10N2O2,geom_bf64669836c61f27,n4,madness,/home/ahurtado/Projects/gecko/tests/fixtures/calc_nlo_beta/NLO/madness/n4,,,-0.0,0.0,0.0,zxy,0.0001280627531258556
calc_8b5b3d3b0b5f5068,geom_bf64669836c61f27,C8H10N2O2,geom_bf64669836c61f27,n4,madness,/home/ahurtado/Projects/gecko/tests/fixtures/calc_nlo_beta/NLO/madness/n4,,,-0.0,0.0,0.0,zxz,16.010840023859558
calc_8b5b3d3b0b5f5068,geom_bf64669836c61f27,C8H10N2O2,geom_bf64669836c61f27,n4,madness,/home/ahurtado/Projects/gecko/tests/fixtures/calc_nlo_beta/NLO/madness/n4,,,-0.0,0.0,0.0,zyx,0.00012806275323438838
calc_8b5b3d3b0b5f5068,geom_bf64669836c61f27,C8H10N2O2,geom_bf64669836c61f27,n4,madness,/home/ahurtado/Projects/gecko/tests/fixtures/calc_nlo_beta/NLO/madness/n4,,,-0.0,0.0,0.0,zyy,-0.00030436216664906843
calc_8b5b3d3b0b5f5068,geom_bf64669836c61f27,C8H10N2O2,geom_bf64669836c61f27,n4,madness,/home/ahurtado/Projects/gecko/tests/fixtures/calc_nlo_beta/NLO/madness/n4,,,-0.0,0.0,0.0,zyz,-38.606347694667924
calc_8b5b3d3b0b5f5068,geom_bf64669836c61f27,C8H10N2O2,geom_bf64669836c61f27,n4,madness,/home/ahurtado/Projects/gecko/tests/fixtures/calc_nlo_beta/NLO/madness/n4,,,-0.0,0.0,0.0,zzx,16.01084002386831
calc_8b5b3d3b0b5f5068,geom_bf64669836c61f27,C8H10N2O2,geom_bf64669836c61f27,n4,madness,/home/ahurtado/Projects/gecko/tests/fixtures/calc_nlo_beta/NLO/madness/n4,,,-0.0,0.0,0.0,zzy,-38.606347694678234
calc_8b5b3d3b0b5f5068,geom_bf64669836c61f27,C8H10N2O2,geom_bf64669836c61f27,n4,madness,/home/ahurtado/Projects/gecko/tests/fixtures/calc_nlo_beta/NLO/madness/n4,,,-0.0,0.0,0.0,zzz,0.00013325885597268577
calc_169288d5595cb1fb,geom_0365014c55f1538a,C4H6N2O2,geom_0365014c55f1538a,n2,madness,/home/ahurtado/Projects/gecko/tests/fixtures/calc_nlo_beta/NLO/madness/n2,,,-0.0,0.0,0.0,xxx,-257.57004828969997
calc_169288d5595cb1fb,geom_0365014c55f1538a,C4H6N2O2,geom_0365014c55f1538a,n2,madness,/home/ahurtado/Projects/gecko/tests/fixtures/calc_nlo_beta/NLO/madness/n2,,,-0.0,0.0,0.0,xxy,524.4681032759129
calc_169288d5595cb1fb,geom_0365014c55f1538a,C4H6N2O2,geom_0365014c55f1538a,n2,madness,/home/ahurtado/Projects/gecko/tests/fixtures/calc_nlo_beta/NLO/madness/n2,,,-0.0,0.0,0.0,xxz,2.3587460927102682e-05
calc_169288d5595cb1fb,geom_0365014c55f1538a,C4H6N2O2,geom_0365014c55f1538a,n2,madness,/home/ahurtado/Projects/gecko/tests/fixtures/calc_nlo_beta/NLO/madness/n2,,,-0.0,0.0,0.0,xyx,524.4681032758816
calc_169288d5595cb1fb,geom_0365014c55f1538a,C4H6N2O2,geom_0365014c55f1538a,n2,madness,/home/ahurtado/Projects/gecko/tests/fixtures/calc_nlo_beta/NLO/madness/n2,,,-0.0,0.0,0.0,xyy,-686.912440981407
calc_169288d5595cb1fb,geom_0365014c55f1538a,C4H6N2O2,geom_0365014c55f1538a,n2,madness,/home/ahurtado/Projects/gecko/tests/fixtures/calc_nlo_beta/NLO/madness/n2,,,-0.0,0.0,0.0,xyz,-4.19663876857571e-05
calc_169288d5595cb1fb,geom_0365014c55f1538a,C4H6N2O2,geom_0365014c55f1538a,n2,madness,/home/ahurtado/Projects/gecko/tests/fixtures/calc_nlo_beta/NLO/madness/n2,,,-0.0,0.0,0.0,xzx,2.358746098675433e-05
calc_169288d5595cb1fb,geom_0365014c55f1538a,C4H6N2O2,geom_0365014c55f1538a,n2,madness,/home/ahurtado/Projects/gecko/tests/fixtures/calc_nlo_beta/NLO/madness/n2,,,-0.0,0.0,0.0,xzy,-4.196638751086382e-05
calc_169288d5595cb1fb,geom_0365014c55f1538a,C4H6N2O2,geom_0365014c55f1538a,n2,madness,/home/ahurtado/Projects/gecko/tests/fixtures/calc_nlo_beta/NLO/madness/n2,,,-0.0,0.0,0.0,xzz,19.761699622483345
calc_169288d5595cb1fb,geom_0365014c55f1538a,C4H6N2O2,geom_0365014c55f1538a,n2,madness,/home/ahurtado/Projects/gecko/tests/fixtures/calc_nlo_beta/NLO/madness/n2,,,-0.0,0.0,0.0,yxx,524.4683122233251
calc_169288d5595cb1fb,geom_0365014c55f1538a,C4H6N2O2,geom_0365014c55f1538a,n2,madness,/home/ahurtado/Projects/gecko/tests/fixtures/calc_nlo_beta/NLO/madness/n2,,,-0.0,0.0,0.0,yxy,-686.9119440790887
calc_169288d5595cb1fb,geom_0365014c55f1538a,C4H6N2O2,geom_0365014c55f1538a,n2,madness,/home/ahurtado/Projects/gecko/tests/fixtures/calc_nlo_beta/NLO/madness/n2,,,-0.0,0.0,0.0,yxz,-4.1866191309440676e-05
calc_169288d5595cb1fb,geom_0365014c55f1538a,C4H6N2O2,geom_0365014c55f1538a,n2,madness,/home/ahurtado/Projects/gecko/tests/fixtures/calc_nlo_beta/NLO/madness/n2,,,-0.0,0.0,0.0,yyx,-686.9119440790324
calc_169288d5595cb1fb,geom_0365014c55f1538a,C4H6N2O2,geom_0365014c55f1538a,n2,madness,/home/ahurtado/Projects/gecko/tests/fixtures/calc_nlo_beta/NLO/madness/n2,,,-0.0,0.0,0.0,yyy,392.1506234757649
calc_169288d5595cb1fb,geom_0365014c55f1538a,C4H6N2O2,geom_0365014c55f1538a,n2,madness,/home/ahurtado/Projects/gecko/tests/fixtures/calc_nlo_beta/NLO/madness/n2,,,-0.0,0.0,0.0,yyz,0.00010826505989303763
calc_169288d5595cb1fb,geom_0365014c55f1538a,C4H6N2O2,geom_0365014c55f1538a,n2,madness,/home/ahurtado/Projects/gecko/tests/fixtures/calc_nlo_beta/NLO/madness/n2,,,-0.0,0.0,0.0,yzx,-4.186619132152959e-05
calc_169288d5595cb1fb,geom_0365014c55f1538a,C4H6N2O2,geom_0365014c55f1538a,n2,madness,/home/ahurtado/Projects/gecko/tests/fixtures/calc_nlo_beta/NLO/madness/n2,,,-0.0,0.0,0.0,yzy,0.00010826505939344602
calc_169288d5595cb1fb,geom_0365014c55f1538a,C4H6N2O2,geom_0365014c55f1538a,n2,madness,/home/ahurtado/Projects/gecko/tests/fixtures/calc_nlo_beta/NLO/madness/n2,,,-0.0,0.0,0.0,yzz,-25.809137121738747
calc_169288d5595cb1fb,geom_0365014c55f1538a,C4H6N2O2,geom_0365014c55f1538a,n2,madness,/home/ahurtado/Projects/gecko/tests/fixtures/calc_nlo_beta/NLO/madness/n2,,,-0.0,0.0,0.0,zxx,2.7368267807135998e-05
calc_169288d5595cb1fb,geom_0365014c55f1538a,C4H6N2O2,geom_0365014c55f1538a,n2,madness,/home/ahurtado/Projects/gecko/tests/fixtures/calc_nlo_beta/NLO/madness/n2,,,-0.0,0.0,0.0,zxy,-4.040873514224125e-05
calc_169288d5595cb1fb,geom_0365014c55f1538a,C4H6N2O2,geom_0365014c55f1538a,n2,madness,/home/ahurtado/Projects/gecko/tests/fixtures/calc_nlo_beta/NLO/madness/n2,,,-0.0,0.0,0.0,zxz,19.76132907330202
calc_169288d5595cb1fb,geom_0365014c55f1538a,C4H6N2O2,geom_0365014c55f1538a,n2,madness,/home/ahurtado/Projects/gecko/tests/fixtures/calc_nlo_beta/NLO/madness/n2,,,-0.0,0.0,0.0,zyx,-4.040873515997162e-05
calc_169288d5595cb1fb,geom_0365014c55f1538a,C4H6N2O2,geom_0365014c55f1538a,n2,madness,/home/ahurtado/Projects/gecko/tests/fixtures/calc_nlo_beta/NLO/madness/n2,,,-0.0,0.0,0.0,zyy,0.0001106037506579376
calc_169288d5595cb1fb,geom_0365014c55f1538a,C4H6N2O2,geom_0365014c55f1538a,n2,madness,/home/ahurtado/Projects/gecko/tests/fixtures/calc_nlo_beta/NLO/madness/n2,,,-0.0,0.0,0.0,zyz,-25.809097477305528
calc_169288d5595cb1fb,geom_0365014c55f1538a,C4H6N2O2,geom_0365014c55f1538a,n2,madness,/home/ahurtado/Projects/gecko/tests/fixtures/calc_nlo_beta/NLO/madness/n2,,,-0.0,0.0,0.0,zzx,19.7613290733087
calc_169288d5595cb1fb,geom_0365014c55f1538a,C4H6N2O2,geom_0365014c55f1538a,n2,madness,/home/ahurtado/Projects/gecko/tests/fixtures/calc_nlo_beta/NLO/madness/n2,,,-0.0,0.0,0.0,zzy,-25.809097477309944
calc_169288d5595cb1fb,geom_0365014c55f1538a,C4H6N2O2,geom_0365014c55f1538a,n2,madness,/home/ahurtado/Projects/gecko/tests/fixtures/calc_nlo_beta/NLO/madness/n2,,,-0.0,0.0,0.0,zzz,4.942940424658656e-05
calc_1a0df47805278be4,geom_cb0f2afd281d44db,C26H28N2O2,geom_cb0f2afd281d44db,n13,madness,/home/ahurtado/Projects/gecko/tests/fixtures/calc_nlo_beta/NLO/madness/n13,,,-0.0,0.0,0.0,xxx,35640.276377268485
calc_1a0df47805278be4,geom_cb0f2afd281d44db,C26H28N2O2,geom_cb0f2afd281d44db,n13,madness,/home/ahurtado/Projects/gecko/tests/fixtures/calc_nlo_beta/NLO/madness/n13,,,-0.0,0.0,0.0,xxy,38951.788702429454
calc_1a0df47805278be4,geom_cb0f2afd281d44db,C26H28N2O2,geom_cb0f2afd281d44db,n13,madness,/home/ahurtado/Projects/gecko/tests/fixtures/calc_nlo_beta/NLO/madness/n13,,,-0.0,0.0,0.0,xxz,-0.002093858384682101
calc_1a0df47805278be4,geom_cb0f2afd281d44db,C26H28N2O2,geom_cb0f2afd281d44db,n13,madness,/home/ahurtado/Projects/gecko/tests/fixtures/calc_nlo_beta/NLO/madness/n13,,,-0.0,0.0,0.0,xyx,38951.78870242577
calc_1a0df47805278be4,geom_cb0f2afd281d44db,C26H28N2O2,geom_cb0f2afd281d44db,n13,madness,/home/ahurtado/Projects/gecko/tests/fixtures/calc_nlo_beta/NLO/madness/n13,,,-0.0,0.0,0.0,xyy,40949.03510046605
calc_1a0df47805278be4,geom_cb0f2afd281d44db,C26H28N2O2,geom_cb0f2afd281d44db,n13,madness,/home/ahurtado/Projects/gecko/tests/fixtures/calc_nlo_beta/NLO/madness/n13,,,-0.0,0.0,0.0,xyz,-0.0019935413824462497
calc_1a0df47805278be4,geom_cb0f2afd281d44db,C26H28N2O2,geom_cb0f2afd281d44db,n13,madness,/home/ahurtado/Projects/gecko/tests/fixtures/calc_nlo_beta/NLO/madness/n13,,,-0.0,0.0,0.0,xzx,-0.0020938583723957727
calc_1a0df47805278be4,geom_cb0f2afd281d44db,C26H28N2O2,geom_cb0f2afd281d44db,n13,madness,/home/ahurtado/Projects/gecko/tests/fixtures/calc_nlo_beta/NLO/madness/n13,,,-0.0,0.0,0.0,xzy,-0.001993541456226167
calc_1a0df47805278be4,geom_cb0f2afd281d44db,C26H28N2O2,geom_cb0f2afd281d44db,n13,madness,/home/ahurtado/Projects/gecko/tests/fixtures/calc_nlo_beta/NLO/madness/n13,,,-0.0,0.0,0.0,xzz,-22.59726586373958
calc_1a0df47805278be4,geom_cb0f2afd281d44db,C26H28N2O2,geom_cb0f2afd281d44db,n13,madness,/home/ahurtado/Projects/gecko/tests/fixtures/calc_nlo_beta/NLO/madness/n13,,,-0.0,0.0,0.0,yxx,38951.77912410755
calc_1a0df47805278be4,geom_cb0f2afd281d44db,C26H28N2O2,geom_cb0f2afd281d44db,n13,madness,/home/ahurtado/Projects/gecko/tests/fixtures/calc_nlo_beta/NLO/madness/n13,,,-0.0,0.0,0.0,yxy,40949.02630586265
calc_1a0df47805278be4,geom_cb0f2afd281d44db,C26H28N2O2,geom_cb0f2afd281d44db,n13,madness,/home/ahurtado/Projects/gecko/tests/fixtures/calc_nlo_beta/NLO/madness/n13,,,-0.0,0.0,0.0,yxz,-0.001984021103520552
calc_1a0df47805278be4,geom_cb0f2afd281d44db,C26H28N2O2,geom_cb0f2afd281d44db,n13,madness,/home/ahurtado/Projects/gecko/tests/fixtures/calc_nlo_beta/NLO/madness/n13,,,-0.0,0.0,0.0,yyx,40949.026305860054
calc_1a0df47805278be4,geom_cb0f2afd281d44db,C26H28N2O2,geom_cb0f2afd281d44db,n13,madness,/home/ahurtado/Projects/gecko/tests/fixtures/calc_nlo_beta/NLO/madness/n13,,,-0.0,0.0,0.0,yyy,41835.5329496805
calc_1a0df47805278be4,geom_cb0f2afd281d44db,C26H28N2O2,geom_cb0f2afd281d44db,n13,madness,/home/ahurtado/Projects/gecko/tests/fixtures/calc_nlo_beta/NLO/madness/n13,,,-0.0,0.0,0.0,yyz,-0.0018902917941665627
calc_1a0df47805278be4,geom_cb0f2afd281d44db,C26H28N2O2,geom_cb0f2afd281d44db,n13,madness,/home/ahurtado/Projects/gecko/tests/fixtures/calc_nlo_beta/NLO/madness/n13,,,-0.0,0.0,0.0,yzx,-0.00198402109383611
calc_1a0df47805278be4,geom_cb0f2afd281d44db,C26H28N2O2,geom_cb0f2afd281d44db,n13,madness,/home/ahurtado/Projects/gecko/tests/fixtures/calc_nlo_beta/NLO/madness/n13,,,-0.0,0.0,0.0,yzy,-0.0018902918804507376
calc_1a0df47805278be4,geom_cb0f2afd281d44db,C26H28N2O2,geom_cb0f2afd281d44db,n13,madness,/home/ahurtado/Projects/gecko/tests/fixtures/calc_nlo_beta/NLO/madness/n13,,,-0.0,0.0,0.0,yzz,-23.557534290592088
calc_1a0df47805278be4,geom_cb0f2afd281d44db,C26H28N2O2,geom_cb0f2afd281d44db,n13,madness,/home/ahurtado/Projects/gecko/tests/fixtures/calc_nlo_beta/NLO/madness/n13,,,-0.0,0.0,0.0,zxx,-0.002093584207904502
calc_1a0df47805278be4,geom_cb0f2afd281d44db,C26H28N2O2,geom_cb0f2afd281d44db,n13,madness,/home/ahurtado/Projects/gecko/tests/fixtures/calc_nlo_beta/NLO/madness/n13,,,-0.0,0.0,0.0,zxy,-0.0019938657238277434
calc_1a0df47805278be4,geom_cb0f2afd281d44db,C26H28N2O2,geom_cb0f2afd281d44db,n13,madness,/home/ahurtado/Projects/gecko/tests/fixtures/calc_nlo_beta/NLO/madness/n13,,,-0.0,0.0,0.0,zxz,-22.59646500495721
calc_1a0df47805278be4,geom_cb0f2afd281d44db,C26H28N2O2,geom_cb0f2afd281d44db,n13,madness,/home/ahurtado/Projects/gecko/tests/fixtures/calc_nlo_beta/NLO/madness/n13,,,-0.0,0.0,0.0,zyx,-0.0019938657215458786
calc_1a0df47805278be4,geom_cb0f2afd281d44db,C26H28N2O2,geom_cb0f2afd281d44db,n13,madness,/home/ahurtado/Projects/gecko/tests/fixtures/calc_nlo_beta/NLO/madness/n13,,,-0.0,0.0,0.0,zyy,-0.0019006412819352189
calc_1a0df47805278be4,geom_cb0f2afd281d44db,C26H28N2O2,geom_cb0f2afd281d44db,n13,madness,/home/ahurtado/Projects/gecko/tests/fixtures/calc_nlo_beta/NLO/madness/n13,,,-0.0,0.0,0.0,zyz,-23.557730996642917
calc_1a0df47805278be4,geom_cb0f2afd281d44db,C26H28N2O2,geom_cb0f2afd281d44db,n13,madness,/home/ahurtado/Projects/gecko/tests/fixtures/calc_nlo_beta/NLO/madness/n13,,,-0.0,0.0,0.0,zzx,-22.596465004945156
calc_1a0df47805278be4,geom_cb0f2afd281d44db,C26H28N2O2,geom_cb0f2afd281d44db,n13,madness,/home/ahurtado/Projects/gecko/tests/fixtures/calc_nlo_beta/NLO/madness/n13,,,-0.0,0.0,0.0,zzy,-23.557730996602473
calc_1a0df47805278be4,geom_cb0f2afd281d44db,C26H28N2O2,geom_cb0f2afd281d44db,n13,madness,/home/ahurtado/Projects/gecko/tests/fixtures/calc_nlo_beta/NLO/madness/n13,,,-0.0,0.0,0.0,zzz,0.00023478590098754704
calc_853063876c7dbe4f,geom_7adbe196ad52dd53,C16H18N2O2,geom_7adbe196ad52dd53,n8,madness,/home/ahurtado/Projects/gecko/tests/fixtures/calc_nlo_beta/NLO/madness/n8,,,-0.0,0.0,0.0,xxx,-825.1433117169872
calc_853063876c7dbe4f,geom_7adbe196ad52dd53,C16H18N2O2,geom_7adbe196ad52dd53,n8,madness,/home/ahurtado/Projects/gecko/tests/fixtures/calc_nlo_beta/NLO/madness/n8,,,-0.0,0.0,0.0,xxy,3495.958920273035
calc_853063876c7dbe4f,geom_7adbe196ad52dd53,C16H18N2O2,geom_7adbe196ad52dd53,n8,madness,/home/ahurtado/Projects/gecko/tests/fixtures/calc_nlo_beta/NLO/madness/n8,,,-0.0,0.0,0.0,xxz,0.00032955476354506953
calc_853063876c7dbe4f,geom_7adbe196ad52dd53,C16H18N2O2,geom_7adbe196ad52dd53,n8,madness,/home/ahurtado/Projects/gecko/tests/fixtures/calc_nlo_beta/NLO/madness/n8,,,-0.0,0.0,0.0,xyx,3495.9589202728985
calc_853063876c7dbe4f,geom_7adbe196ad52dd53,C16H18N2O2,geom_7adbe196ad52dd53,n8,madness,/home/ahurtado/Projects/gecko/tests/fixtures/calc_nlo_beta/NLO/madness/n8,,,-0.0,0.0,0.0,xyy,-12877.698250224195
calc_853063876c7dbe4f,geom_7adbe196ad52dd53,C16H18N2O2,geom_7adbe196ad52dd53,n8,madness,/home/ahurtado/Projects/gecko/tests/fixtures/calc_nlo_beta/NLO/madness/n8,,,-0.0,0.0,0.0,xyz,-0.001949700901402388
calc_853063876c7dbe4f,geom_7adbe196ad52dd53,C16H18N2O2,geom_7adbe196ad52dd53,n8,madness,/home/ahurtado/Projects/gecko/tests/fixtures/calc_nlo_beta/NLO/madness/n8,,,-0.0,0.0,0.0,xzx,0.00032955476385518356
calc_853063876c7dbe4f,geom_7adbe196ad52dd53,C16H18N2O2,geom_7adbe196ad52dd53,n8,madness,/home/ahurtado/Projects/gecko/tests/fixtures/calc_nlo_beta/NLO/madness/n8,,,-0.0,0.0,0.0,xzy,-0.0019497009000811437
calc_853063876c7dbe4f,geom_7adbe196ad52dd53,C16H18N2O2,geom_7adbe196ad52dd53,n8,madness,/home/ahurtado/Projects/gecko/tests/fixtures/calc_nlo_beta/NLO/madness/n8,,,-0.0,0.0,0.0,xzz,11.888059369113357
calc_853063876c7dbe4f,geom_7adbe196ad52dd53,C16H18N2O2,geom_7adbe196ad52dd53,n8,madness,/home/ahurtado/Projects/gecko/tests/fixtures/calc_nlo_beta/NLO/madness/n8,,,-0.0,0.0,0.0,yxx,3495.9580819117064
calc_853063876c7dbe4f,geom_7adbe196ad52dd53,C16H18N2O2,geom_7adbe196ad52dd53,n8,madness,/home/ahurtado/Projects/gecko/tests/fixtures/calc_nlo_beta/NLO/madness/n8,,,-0.0,0.0,0.0,yxy,-12877.69477029097
calc_853063876c7dbe4f,geom_7adbe196ad52dd53,C16H18N2O2,geom_7adbe196ad52dd53,n8,madness,/home/ahurtado/Projects/gecko/tests/fixtures/calc_nlo_beta/NLO/madness/n8,,,-0.0,0.0,0.0,yxz,-0.0019495766052062876
calc_853063876c7dbe4f,geom_7adbe196ad52dd53,C16H18N2O2,geom_7adbe196ad52dd53,n8,madness,/home/ahurtado/Projects/gecko/tests/fixtures/calc_nlo_beta/NLO/madness/n8,,,-0.0,0.0,0.0,yyx,-12877.694770290174
calc_853063876c7dbe4f,geom_7adbe196ad52dd53,C16H18N2O2,geom_7adbe196ad52dd53,n8,madness,/home/ahurtado/Projects/gecko/tests/fixtures/calc_nlo_beta/NLO/madness/n8,,,-0.0,0.0,0.0,yyy,38585.82732049859
calc_853063876c7dbe4f,geom_7adbe196ad52dd53,C16H18N2O2,geom_7adbe196ad52dd53,n8,madness,/home/ahurtado/Projects/gecko/tests/fixtures/calc_nlo_beta/NLO/madness/n8,,,-0.0,0.0,0.0,yyz,0.00992779161057981
calc_853063876c7dbe4f,geom_7adbe196ad52dd53,C16H18N2O2,geom_7adbe196ad52dd53,n8,madness,/home/ahurtado/Projects/gecko/tests/fixtures/calc_nlo_beta/NLO/madness/n8,,,-0.0,0.0,0.0,yzx,-0.001949576605707955
calc_853063876c7dbe4f,geom_7adbe196ad52dd53,C16H18N2O2,geom_7adbe196ad52dd53,n8,madness,/home/ahurtado/Projects/gecko/tests/fixtures/calc_nlo_beta/NLO/madness/n8,,,-0.0,0.0,0.0,yzy,0.009927791603249048
calc_853063876c7dbe4f,geom_7adbe196ad52dd53,C16H18N2O2,geom_7adbe196ad52dd53,n8,madness,/home/ahurtado/Projects/gecko/tests/fixtures/calc_nlo_beta/NLO/madness/n8,,,-0.0,0.0,0.0,yzz,-40.476297194091195
calc_853063876c7dbe4f,geom_7adbe196ad52dd53,C16H18N2O2,geom_7adbe196ad52dd53,n8,madness,/home/ahurtado/Projects/gecko/tests/fixtures/calc_nlo_beta/NLO/madness/n8,,,-0.0,0.0,0.0,zxx,0.0003293625566779466
calc_853063876c7dbe4f,geom_7adbe196ad52dd53,C16H18N2O2,geom_7adbe196ad52dd53,n8,madness,/home/ahurtado/Projects/gecko/tests/fixtures/calc_nlo_beta/NLO/madness/n8,,,-0.0,0.0,0.0,zxy,-0.0019494054778995376
calc_853063876c7dbe4f,geom_7adbe196ad52dd53,C16H18N2O2,geom_7adbe196ad52dd53,n8,madness,/home/ahurtado/Projects/gecko/tests/fixtures/calc_nlo_beta/NLO/madness/n8,,,-0.0,0.0,0.0,zxz,11.888126106607187
calc_853063876c7dbe4f,geom_7adbe196ad52dd53,C16H18N2O2,geom_7adbe196ad52dd53,n8,madness,/home/ahurtado/Projects/gecko/tests/fixtures/calc_nlo_beta/NLO/madness/n8,,,-0.0,0.0,0.0,zyx,-0.0019494054770075786
calc_853063876c7dbe4f,geom_7adbe196ad52dd53,C16H18N2O2,geom_7adbe196ad52dd53,n8,madness,/home/ahurtado/Projects/gecko/tests/fixtures/calc_nlo_beta/NLO/madness/n8,,,-0.0,0.0,0.0,zyy,0.009929468017206781
calc_853063876c7dbe4f,geom_7adbe196ad52dd53,C16H18N2O2,geom_7adbe196ad52dd53,n8,madness,/home/ahurtado/Projects/gecko/tests/fixtures/calc_nlo_beta/NLO/madness/n8,,,-0.0,0.0,0.0,zyz,-40.476184638753764
calc_853063876c7dbe4f,geom_7adbe196ad52dd53,C16H18N2O2,geom_7adbe196ad52dd53,n8,madness,/home/ahurtado/Projects/gecko/tests/fixtures/calc_nlo_beta/NLO/madness/n8,,,-0.0,0.0,0.0,zzx,11.88812610662244
calc_853063876c7dbe4f,geom_7adbe196ad52dd53,C16H18N2O2,geom_7adbe196ad52dd53,n8,madness,/home/ahurtado/Projects/gecko/tests/fixtures/calc_nlo_beta/NLO/madness/n8,,,-0.0,0.0,0.0,zzy,-40.47618463877793
calc_853063876c7dbe4f,geom_7adbe196ad52dd53,C16H18N2O2,geom_7adbe196ad52dd53,n8,madness,/home/ahurtado/Projects/gecko/tests/fixtures/calc_nlo_beta/NLO/madness/n8,,,-0.0,0.0,0.0,zzz,2.4525418256237587e-05
calc_74cd70f916f9c21e,geom_630c878079cc74db,C14H16N2O2,geom_630c878079cc74db,n7,madness,/home/ahurtado/Projects/gecko/tests/fixtures/calc_nlo_beta/NLO/madness/n7,,,-0.0,0.0,0.0,xxx,11963.856709715354
calc_74cd70f916f9c21e,geom_630c878079cc74db,C14H16N2O2,geom_630c878079cc74db,n7,madness,/home/ahurtado/Projects/gecko/tests/fixtures/calc_nlo_beta/NLO/madness/n7,,,-0.0,0.0,0.0,xxy,12254.981557386709
calc_74cd70f916f9c21e,geom_630c878079cc74db,C14H16N2O2,geom_630c878079cc74db,n7,madness,/home/ahurtado/Projects/gecko/tests/fixtures/calc_nlo_beta/NLO/madness/n7,,,-0.0,0.0,0.0,xxz,0.0019439362791718328
calc_74cd70f916f9c21e,geom_630c878079cc74db,C14H16N2O2,geom_630c878079cc74db,n7,madness,/home/ahurtado/Projects/gecko/tests/fixtures/calc_nlo_beta/NLO/madness/n7,,,-0.0,0.0,0.0,xyx,12254.981557385832
calc_74cd70f916f9c21e,geom_630c878079cc74db,C14H16N2O2,geom_630c878079cc74db,n7,madness,/home/ahurtado/Projects/gecko/tests/fixtures/calc_nlo_beta/NLO/madness/n7,,,-0.0,0.0,0.0,xyy,11415.091194014887
calc_74cd70f916f9c21e,geom_630c878079cc74db,C14H16N2O2,geom_630c878079cc74db,n7,madness,/home/ahurtado/Projects/gecko/tests/fixtures/calc_nlo_beta/NLO/madness/n7,,,-0.0,0.0,0.0,xyz,0.0020509788643854796
calc_74cd70f916f9c21e,geom_630c878079cc74db,C14H16N2O2,geom_630c878079cc74db,n7,madness,/home/ahurtado/Projects/gecko/tests/fixtures/calc_nlo_beta/NLO/madness/n7,,,-0.0,0.0,0.0,xzx,0.0019439362734733345
calc_74cd70f916f9c21e,geom_630c878079cc74db,C14H16N2O2,geom_630c878079cc74db,n7,madness,/home/ahurtado/Projects/gecko/tests/fixtures/calc_nlo_beta/NLO/madness/n7,,,-0.0,0.0,0.0,xzy,0.002050978862188821
calc_74cd70f916f9c21e,geom_630c878079cc74db,C14H16N2O2,geom_630c878079cc74db,n7,madness,/home/ahurtado/Projects/gecko/tests/fixtures/calc_nlo_beta/NLO/madness/n7,,,-0.0,0.0,0.0,xzz,-32.3162283655584
calc_74cd70f916f9c21e,geom_630c878079cc74db,C14H16N2O2,geom_630c878079cc74db,n7,madness,/home/ahurtado/Projects/gecko/tests/fixtures/calc_nlo_beta/NLO/madness/n7,,,-0.0,0.0,0.0,yxx,12254.983588313757
calc_74cd70f916f9c21e,geom_630c878079cc74db,C14H16N2O2,geom_630c878079cc74db,n7,madness,/home/ahurtado/Projects/gecko/tests/fixtures/calc_nlo_beta/NLO/madness/n7,,,-0.0,0.0,0.0,yxy,11415.092651791845
calc_74cd70f916f9c21e,geom_630c878079cc74db,C14H16N2O2,geom_630c878079cc74db,n7,madness,/home/ahurtado/Projects/gecko/tests/fixtures/calc_nlo_beta/NLO/madness/n7,,,-0.0,0.0,0.0,yxz,0.0020508245301720605
calc_74cd70f916f9c21e,geom_630c878079cc74db,C14H16N2O2,geom_630c878079cc74db,n7,madness,/home/ahurtado/Projects/gecko/tests/fixtures/calc_nlo_beta/NLO/madness/n7,,,-0.0,0.0,0.0,yyx,11415.092651791334
calc_74cd70f916f9c21e,geom_630c878079cc74db,C14H16N2O2,geom_630c878079cc74db,n7,madness,/home/ahurtado/Projects/gecko/tests/fixtures/calc_nlo_beta/NLO/madness/n7,,,-0.0,0.0,0.0,yyy,9992.777444389505
calc_74cd70f916f9c21e,geom_630c878079cc74db,C14H16N2O2,geom_630c878079cc74db,n7,madness,/home/ahurtado/Projects/gecko/tests/fixtures/calc_nlo_beta/NLO/madness/n7,,,-0.0,0.0,0.0,yyz,0.0019348856297181848
calc_74cd70f916f9c21e,geom_630c878079cc74db,C14H16N2O2,geom_630c878079cc74db,n7,madness,/home/ahurtado/Projects/gecko/tests/fixtures/calc_nlo_beta/NLO/madness/n7,,,-0.0,0.0,0.0,yzx,0.0020508245263748024
calc_74cd70f916f9c21e,geom_630c878079cc74db,C14H16N2O2,geom_630c878079cc74db,n7,madness,/home/ahurtado/Projects/gecko/tests/fixtures/calc_nlo_beta/NLO/madness/n7,,,-0.0,0.0,0.0,yzy,0.0019348856246728004
calc_74cd70f916f9c21e,geom_630c878079cc74db,C14H16N2O2,geom_630c878079cc74db,n7,madness,/home/ahurtado/Projects/gecko/tests/fixtures/calc_nlo_beta/NLO/madness/n7,,,-0.0,0.0,0.0,yzz,-28.69105423812187
calc_74cd70f916f9c21e,geom_630c878079cc74db,C14H16N2O2,geom_630c878079cc74db,n7,madness,/home/ahurtado/Projects/gecko/tests/fixtures/calc_nlo_beta/NLO/madness/n7,,,-0.0,0.0,0.0,zxx,0.0020281867227273337
calc_74cd70f916f9c21e,geom_630c878079cc74db,C14H16N2O2,geom_630c878079cc74db,n7,madness,/home/ahurtado/Projects/gecko/tests/fixtures/calc_nlo_beta/NLO/madness/n7,,,-0.0,0.0,0.0,zxy,0.0021020653825767873
calc_74cd70f916f9c21e,geom_630c878079cc74db,C14H16N2O2,geom_630c878079cc74db,n7,madness,/home/ahurtado/Projects/gecko/tests/fixtures/calc_nlo_beta/NLO/madness/n7,,,-0.0,0.0,0.0,zxz,-32.316035586017314
calc_74cd70f916f9c21e,geom_630c878079cc74db,C14H16N2O2,geom_630c878079cc74db,n7,madness,/home/ahurtado/Projects/gecko/tests/fixtures/calc_nlo_beta/NLO/madness/n7,,,-0.0,0.0,0.0,zyx,0.002102065382221723
calc_74cd70f916f9c21e,geom_630c878079cc74db,C14H16N2O2,geom_630c878079cc74db,n7,madness,/home/ahurtado/Projects/gecko/tests/fixtures/calc_nlo_beta/NLO/madness/n7,,,-0.0,0.0,0.0,zyy,0.0019773462668858715
calc_74cd70f916f9c21e,geom_630c878079cc74db,C14H16N2O2,geom_630c878079cc74db,n7,madness,/home/ahurtado/Projects/gecko/tests/fixtures/calc_nlo_beta/NLO/madness/n7,,,-0.0,0.0,0.0,zyz,-28.691000128890508
calc_74cd70f916f9c21e,geom_630c878079cc74db,C14H16N2O2,geom_630c878079cc74db,n7,madness,/home/ahurtado/Projects/gecko/tests/fixtures/calc_nlo_beta/NLO/madness/n7,,,-0.0,0.0,0.0,zzx,-32.316035586047064
calc_74cd70f916f9c21e,geom_630c878079cc74db,C14H16N2O2,geom_630c878079cc74db,n7,madness,/home/ahurtado/Projects/gecko/tests/fixtures/calc_nlo_beta/NLO/madness/n7,,,-0.0,0.0,0.0,zzy,-28.691000128861642
calc_74cd70f916f9c21e,geom_630c878079cc74db,C14H16N2O2,geom_630c878079cc74db,n7,madness,/home/ahurtado/Projects/gecko/tests/fixtures/calc_nlo_beta/NLO/madness/n7,,,-0.0,0.0,0.0,zzz,0.0006973942544986008
calc_7f8f75d94779d907,geom_bec2095e7539e853,C10H12N2O2,geom_bec2095e7539e853,n5,madness,/home/ahurtado/Projects/gecko/tests/fixtures/calc_nlo_beta/NLO/madness/n5,,,-0.0,0.0,0.0,xxx,5163.656168999628
calc_7f8f75d94779d907,geom_bec2095e7539e853,C10H12N2O2,geom_bec2095e7539e853,n5,madness,/home/ahurtado/Projects/gecko/tests/fixtures/calc_nlo_beta/NLO/madness/n5,,,-0.0,0.0,0.0,xxy,5464.037187938362
calc_7f8f75d94779d907,geom_bec2095e7539e853,C10H12N2O2,geom_bec2095e7539e853,n5,madness,/home/ahurtado/Projects/gecko/tests/fixtures/calc_nlo_beta/NLO/madness/n5,,,-0.0,0.0,0.0,xxz,-0.0009505502643376453
calc_7f8f75d94779d907,geom_bec2095e7539e853,C10H12N2O2,geom_bec2095e7539e853,n5,madness,/home/ahurtado/Projects/gecko/tests/fixtures/calc_nlo_beta/NLO/madness/n5,,,-0.0,0.0,0.0,xyx,5464.037187937913
calc_7f8f75d94779d907,geom_bec2095e7539e853,C10H12N2O2,geom_bec2095e7539e853,n5,madness,/home/ahurtado/Projects/gecko/tests/fixtures/calc_nlo_beta/NLO/madness/n5,,,-0.0,0.0,0.0,xyy,4856.565410653235
calc_7f8f75d94779d907,geom_bec2095e7539e853,C10H12N2O2,geom_bec2095e7539e853,n5,madness,/home/ahurtado/Projects/gecko/tests/fixtures/calc_nlo_beta/NLO/madness/n5,,,-0.0,0.0,0.0,xyz,-0.001228587944804173
calc_7f8f75d94779d907,geom_bec2095e7539e853,C10H12N2O2,geom_bec2095e7539e853,n5,madness,/home/ahurtado/Projects/gecko/tests/fixtures/calc_nlo_beta/NLO/madness/n5,,,-0.0,0.0,0.0,xzx,-0.000950550264722491
calc_7f8f75d94779d907,geom_bec2095e7539e853,C10H12N2O2,geom_bec2095e7539e853,n5,madness,/home/ahurtado/Projects/gecko/tests/fixtures/calc_nlo_beta/NLO/madness/n5,,,-0.0,0.0,0.0,xzy,-0.0012285879433411647
calc_7f8f75d94779d907,geom_bec2095e7539e853,C10H12N2O2,geom_bec2095e7539e853,n5,madness,/home/ahurtado/Projects/gecko/tests/fixtures/calc_nlo_beta/NLO/madness/n5,,,-0.0,0.0,0.0,xzz,-33.45307880032945
calc_7f8f75d94779d907,geom_bec2095e7539e853,C10H12N2O2,geom_bec2095e7539e853,n5,madness,/home/ahurtado/Projects/gecko/tests/fixtures/calc_nlo_beta/NLO/madness/n5,,,-0.0,0.0,0.0,yxx,5464.040034237425
calc_7f8f75d94779d907,geom_bec2095e7539e853,C10H12N2O2,geom_bec2095e7539e853,n5,madness,/home/ahurtado/Projects/gecko/tests/fixtures/calc_nlo_beta/NLO/madness/n5,,,-0.0,0.0,0.0,yxy,4856.567105775103
calc_7f8f75d94779d907,geom_bec2095e7539e853,C10H12N2O2,geom_bec2095e7539e853,n5,madness,/home/ahurtado/Projects/gecko/tests/fixtures/calc_nlo_beta/NLO/madness/n5,,,-0.0,0.0,0.0,yxz,-0.001228724218643671
calc_7f8f75d94779d907,geom_bec2095e7539e853,C10H12N2O2,geom_bec2095e7539e853,n5,madness,/home/ahurtado/Projects/gecko/tests/fixtures/calc_nlo_beta/NLO/madness/n5,,,-0.0,0.0,0.0,yyx,4856.5671057748
calc_7f8f75d94779d907,geom_bec2095e7539e853,C10H12N2O2,geom_bec2095e7539e853,n5,madness,/home/ahurtado/Projects/gecko/tests/fixtures/calc_nlo_beta/NLO/madness/n5,,,-0.0,0.0,0.0,yyy,3890.993580855284
calc_7f8f75d94779d907,geom_bec2095e7539e853,C10H12N2O2,geom_bec2095e7539e853,n5,madness,/home/ahurtado/Projects/gecko/tests/fixtures/calc_nlo_beta/NLO/madness/n5,,,-0.0,0.0,0.0,yyz,-0.001099170252408519
calc_7f8f75d94779d907,geom_bec2095e7539e853,C10H12N2O2,geom_bec2095e7539e853,n5,madness,/home/ahurtado/Projects/gecko/tests/fixtures/calc_nlo_beta/NLO/madness/n5,,,-0.0,0.0,0.0,yzx,-0.0012287242188379365
calc_7f8f75d94779d907,geom_bec2095e7539e853,C10H12N2O2,geom_bec2095e7539e853,n5,madness,/home/ahurtado/Projects/gecko/tests/fixtures/calc_nlo_beta/NLO/madness/n5,,,-0.0,0.0,0.0,yzy,-0.0010991702513746641
calc_7f8f75d94779d907,geom_bec2095e7539e853,C10H12N2O2,geom_bec2095e7539e853,n5,madness,/home/ahurtado/Projects/gecko/tests/fixtures/calc_nlo_beta/NLO/madness/n5,,,-0.0,0.0,0.0,yzz,-27.887883052419873
calc_7f8f75d94779d907,geom_bec2095e7539e853,C10H12N2O2,geom_bec2095e7539e853,n5,madness,/home/ahurtado/Projects/gecko/tests/fixtures/calc_nlo_beta/NLO/madness/n5,,,-0.0,0.0,0.0,zxx,-0.000995273943177951
calc_7f8f75d94779d907,geom_bec2095e7539e853,C10H12N2O2,geom_bec2095e7539e853,n5,madness,/home/ahurtado/Projects/gecko/tests/fixtures/calc_nlo_beta/NLO/madness/n5,,,-0.0,0.0,0.0,zxy,-0.0012538474171380775
calc_7f8f75d94779d907,geom_bec2095e7539e853,C10H12N2O2,geom_bec2095e7539e853,n5,madness,/home/ahurtado/Projects/gecko/tests/fixtures/calc_nlo_beta/NLO/madness/n5,,,-0.0,0.0,0.0,zxz,-33.452809469203956
calc_7f8f75d94779d907,geom_bec2095e7539e853,C10H12N2O2,geom_bec2095e7539e853,n5,madness,/home/ahurtado/Projects/gecko/tests/fixtures/calc_nlo_beta/NLO/madness/n5,,,-0.0,0.0,0.0,zyx,-0.0012538474182442983
calc_7f8f75d94779d907,geom_bec2095e7539e853,C10H12N2O2,geom_bec2095e7539e853,n5,madness,/home/ahurtado/Projects/gecko/tests/fixtures/calc_nlo_beta/NLO/madness/n5,,,-0.0,0.0,0.0,zyy,-0.0011171868141411293
calc_7f8f75d94779d907,geom_bec2095e7539e853,C10H12N2O2,geom_bec2095e7539e853,n5,madness,/home/ahurtado/Projects/gecko/tests/fixtures/calc_nlo_beta/NLO/madness/n5,,,-0.0,0.0,0.0,zyz,-27.887833820187417
calc_7f8f75d94779d907,geom_bec2095e7539e853,C10H12N2O2,geom_bec2095e7539e853,n5,madness,/home/ahurtado/Projects/gecko/tests/fixtures/calc_nlo_beta/NLO/madness/n5,,,-0.0,0.0,0.0,zzx,-33.452809469224285
calc_7f8f75d94779d907,geom_bec2095e7539e853,C10H12N2O2,geom_bec2095e7539e853,n5,madness,/home/ahurtado/Projects/gecko/tests/fixtures/calc_nlo_beta/NLO/madness/n5,,,-0.0,0.0,0.0,zzy,-27.88783382019751
calc_7f8f75d94779d907,geom_bec2095e7539e853,C10H12N2O2,geom_bec2095e7539e853,n5,madness,/home/ahurtado/Projects/gecko/tests/fixtures/calc_nlo_beta/NLO/madness/n5,,,-0.0,0.0,0.0,zzz,-2.1719392922653842e-05
calc_db8cbec4fe5da130,geom_acb6677a71ed8e0b,C20H22N2O2,geom_acb6677a71ed8e0b,n10,madness,/home/ahurtado/Projects/gecko/tests/fixtures/calc_nlo_beta/NLO/madness/n10,,,-0.0,0.0,0.0,xxx,-1254.0207126216083
calc_db8cbec4fe5da130,geom_acb6677a71ed8e0b,C20H22N2O2,geom_acb6677a71ed8e0b,n10,madness,/home/ahurtado/Projects/gecko/tests/fixtures/calc_nlo_beta/NLO/madness/n10,,,-0.0,0.0,0.0,xxy,5205.300442343615
calc_db8cbec4fe5da130,geom_acb6677a71ed8e0b,C20H22N2O2,geom_acb6677a71ed8e0b,n10,madness,/home/ahurtado/Projects/gecko/tests/fixtures/calc_nlo_beta/NLO/madness/n10,,,-0.0,0.0,0.0,xxz,0.000427644655549666
calc_db8cbec4fe5da130,geom_acb6677a71ed8e0b,C20H22N2O2,geom_acb6677a71ed8e0b,n10,madness,/home/ahurtado/Projects/gecko/tests/fixtures/calc_nlo_beta/NLO/madness/n10,,,-0.0,0.0,0.0,xyx,5205.300442343814
calc_db8cbec4fe5da130,geom_acb6677a71ed8e0b,C20H22N2O2,geom_acb6677a71ed8e0b,n10,madness,/home/ahurtado/Projects/gecko/tests/fixtures/calc_nlo_beta/NLO/madness/n10,,,-0.0,0.0,0.0,xyy,-19447.94046880037
calc_db8cbec4fe5da130,geom_acb6677a71ed8e0b,C20H22N2O2,geom_acb6677a71ed8e0b,n10,madness,/home/ahurtado/Projects/gecko/tests/fixtures/calc_nlo_beta/NLO/madness/n10,,,-0.0,0.0,0.0,xyz,-0.0013187522935426154
calc_db8cbec4fe5da130,geom_acb6677a71ed8e0b,C20H22N2O2,geom_acb6677a71ed8e0b,n10,madness,/home/ahurtado/Projects/gecko/tests/fixtures/calc_nlo_beta/NLO/madness/n10,,,-0.0,0.0,0.0,xzx,0.0004276446736959571
calc_db8cbec4fe5da130,geom_acb6677a71ed8e0b,C20H22N2O2,geom_acb6677a71ed8e0b,n10,madness,/home/ahurtado/Projects/gecko/tests/fixtures/calc_nlo_beta/NLO/madness/n10,,,-0.0,0.0,0.0,xzy,-0.0013187522922077427
calc_db8cbec4fe5da130,geom_acb6677a71ed8e0b,C20H22N2O2,geom_acb6677a71ed8e0b,n10,madness,/home/ahurtado/Projects/gecko/tests/fixtures/calc_nlo_beta/NLO/madness/n10,,,-0.0,0.0,0.0,xzz,10.793276622804402
calc_db8cbec4fe5da130,geom_acb6677a71ed8e0b,C20H22N2O2,geom_acb6677a71ed8e0b,n10,madness,/home/ahurtado/Projects/gecko/tests/fixtures/calc_nlo_beta/NLO/madness/n10,,,-0.0,0.0,0.0,yxx,5205.297223095797
calc_db8cbec4fe5da130,geom_acb6677a71ed8e0b,C20H22N2O2,geom_acb6677a71ed8e0b,n10,madness,/home/ahurtado/Projects/gecko/tests/fixtures/calc_nlo_beta/NLO/madness/n10,,,-0.0,0.0,0.0,yxy,-19447.919777496958
calc_db8cbec4fe5da130,geom_acb6677a71ed8e0b,C20H22N2O2,geom_acb6677a71ed8e0b,n10,madness,/home/ahurtado/Projects/gecko/tests/fixtures/calc_nlo_beta/NLO/madness/n10,,,-0.0,0.0,0.0,yxz,-0.0013212137734531677
calc_db8cbec4fe5da130,geom_acb6677a71ed8e0b,C20H22N2O2,geom_acb6677a71ed8e0b,n10,madness,/home/ahurtado/Projects/gecko/tests/fixtures/calc_nlo_beta/NLO/madness/n10,,,-0.0,0.0,0.0,yyx,-19447.919777499104
calc_db8cbec4fe5da130,geom_acb6677a71ed8e0b,C20H22N2O2,geom_acb6677a71ed8e0b,n10,madness,/home/ahurtado/Projects/gecko/tests/fixtures/calc_nlo_beta/NLO/madness/n10,,,-0.0,0.0,0.0,yyy,62170.13346541686
calc_db8cbec4fe5da130,geom_acb6677a71ed8e0b,C20H22N2O2,geom_acb6677a71ed8e0b,n10,madness,/home/ahurtado/Projects/gecko/tests/fixtures/calc_nlo_beta/NLO/madness/n10,,,-0.0,0.0,0.0,yyz,0.005147206984826864
calc_db8cbec4fe5da130,geom_acb6677a71ed8e0b,C20H22N2O2,geom_acb6677a71ed8e0b,n10,madness,/home/ahurtado/Projects/gecko/tests/fixtures/calc_nlo_beta/NLO/madness/n10,,,-0.0,0.0,0.0,yzx,-0.0013212141082333054
calc_db8cbec4fe5da130,geom_acb6677a71ed8e0b,C20H22N2O2,geom_acb6677a71ed8e0b,n10,madness,/home/ahurtado/Projects/gecko/tests/fixtures/calc_nlo_beta/NLO/madness/n10,,,-0.0,0.0,0.0,yzy,0.005147206976692875
calc_db8cbec4fe5da130,geom_acb6677a71ed8e0b,C20H22N2O2,geom_acb6677a71ed8e0b,n10,madness,/home/ahurtado/Projects/gecko/tests/fixtures/calc_nlo_beta/NLO/madness/n10,,,-0.0,0.0,0.0,yzz,-36.891228706724405
calc_db8cbec4fe5da130,geom_acb6677a71ed8e0b,C20H22N2O2,geom_acb6677a71ed8e0b,n10,madness,/home/ahurtado/Projects/gecko/tests/fixtures/calc_nlo_beta/NLO/madness/n10,,,-0.0,0.0,0.0,zxx,0.00042831521675128865
calc_db8cbec4fe5da130,geom_acb6677a71ed8e0b,C20H22N2O2,geom_acb6677a71ed8e0b,n10,madness,/home/ahurtado/Projects/gecko/tests/fixtures/calc_nlo_beta/NLO/madness/n10,,,-0.0,0.0,0.0,zxy,-0.0013228566277316066
calc_db8cbec4fe5da130,geom_acb6677a71ed8e0b,C20H22N2O2,geom_acb6677a71ed8e0b,n10,madness,/home/ahurtado/Projects/gecko/tests/fixtures/calc_nlo_beta/NLO/madness/n10,,,-0.0,0.0,0.0,zxz,10.793847326266395
calc_db8cbec4fe5da130,geom_acb6677a71ed8e0b,C20H22N2O2,geom_acb6677a71ed8e0b,n10,madness,/home/ahurtado/Projects/gecko/tests/fixtures/calc_nlo_beta/NLO/madness/n10,,,-0.0,0.0,0.0,zyx,-0.0013228566265279383
calc_db8cbec4fe5da130,geom_acb6677a71ed8e0b,C20H22N2O2,geom_acb6677a71ed8e0b,n10,madness,/home/ahurtado/Projects/gecko/tests/fixtures/calc_nlo_beta/NLO/madness/n10,,,-0.0,0.0,0.0,zyy,0.005154310989081618
calc_db8cbec4fe5da130,geom_acb6677a71ed8e0b,C20H22N2O2,geom_acb6677a71ed8e0b,n10,madness,/home/ahurtado/Projects/gecko/tests/fixtures/calc_nlo_beta/NLO/madness/n10,,,-0.0,0.0,0.0,zyz,-36.8907953278593
calc_db8cbec4fe5da130,geom_acb6677a71ed8e0b,C20H22N2O2,geom_acb6677a71ed8e0b,n10,madness,/home/ahurtado/Projects/gecko/tests/fixtures/calc_nlo_beta/NLO/madness/n10,,,-0.0,0.0,0.0,zzx,10.793847326268965
calc_db8cbec4fe5da130,geom_acb6677a71ed8e0b,C20H22N2O2,geom_acb6677a71ed8e0b,n10,madness,/home/ahurtado/Projects/gecko/tests/fixtures/calc_nlo_beta/NLO/madness/n10,,,-0.0,0.0,0.0,zzy,-36.890795327893336
calc_db8cbec4fe5da130,geom_acb6677a71ed8e0b,C20H22N2O2,geom_acb6677a71ed8e0b,n10,madness,/home/ahurtado/Projects/gecko/tests/fixtures/calc_nlo_beta/NLO/madness/n10,,,-0.0,0.0,0.0,zzz,-0.00026110989055634366
